model,metric,log10_epsilon,Trotter_fit,MPF_fit,QSVT_fit_corrected
TFIM,cnot_count,-5.0,372608.28827746905,1420574.151230625,20468112.646000754
TFIM,cnot_count,-4.975,367391.26214374293,1415062.6939526985,20468270.208579898
TFIM,cnot_count,-4.95,362247.769575745,1409556.133962314,20468427.875870977
TFIM,cnot_count,-4.925,357176.7718170909,1404054.4816448381,20468585.647853993
TFIM,cnot_count,-4.9,352177.24481816334,1398557.7474391111,20468743.52449659
TFIM,cnot_count,-4.875,347248.1790277227,1393065.9418378735,20468901.50575354
TFIM,cnot_count,-4.85,342388.5791875024,1387579.0753882115,20469059.59156645
TFIM,cnot_count,-4.825,337597.4641297005,1382097.158692,20469217.78186282
TFIM,cnot_count,-4.8,332873.8665773555,1376620.2024063687,20469376.076555904
TFIM,cnot_count,-4.775,328216.83294755244,1371148.2172441452,20469534.475543886
TFIM,cnot_count,-4.75,323625.42315742373,1365681.2139743282,20469692.978709396
TFIM,cnot_count,-4.725,319098.7104329008,1360219.2034225515,20469851.58591877
TFIM,cnot_count,-4.7,314635.78112018545,1354762.1964715624,20470010.29702161
TFIM,cnot_count,-4.675,310235.7344998923,1349310.2040616944,20470169.111849926
TFIM,cnot_count,-4.65,305897.6826038321,1343863.2371913646,20470328.030217532
TFIM,cnot_count,-4.625,301620.7500343976,1338421.3069175465,20470487.05191912
TFIM,cnot_count,-4.6,297404.07378650777,1332984.4243562857,20470646.17672995
TFIM,cnot_count,-4.575,293246.8030720868,1327552.6006831848,20470805.40440463
TFIM,cnot_count,-4.55,289148.09914702957,1322125.847133924,20470964.734676376
TFIM,cnot_count,-4.525,285107.13514062716,1316704.175004771,20471124.16725643
TFIM,cnot_count,-4.5,281123.0958874103,1311287.5956530988,20471283.70183284
TFIM,cnot_count,-4.475,277195.1777613852,1305876.1204979152,20471443.338069696
TFIM,cnot_count,-4.45,273322.58851261757,1300469.761020394,20471603.07560615
TFIM,cnot_count,-4.425,269504.54710614216,1295068.5287644104,20471762.914055374
TFIM,cnot_count,-4.4,265740.2835631562,1289672.4353370927,20471922.853003692
TFIM,cnot_count,-4.375,262029.03880446858,1284281.4924093718,20472082.89200905
TFIM,cnot_count,-4.35,258370.0644961735,1278895.7117165357,20472243.030600507
TFIM,cnot_count,-4.325,254762.6228975131,1273515.1050588007,20472403.268276494
TFIM,cnot_count,-4.3,251205.98671090498,1268139.6843018718,20472563.604503777
TFIM,cnot_count,-4.275,247699.4389340936,1262769.4613775387,20472724.038716383
TFIM,cnot_count,-4.25,244242.27271440884,1257404.448284245,20472884.570313856
TFIM,cnot_count,-4.225,240833.7912050886,1252044.657087697,20473045.19866021
TFIM,cnot_count,-4.2,237473.3074236458,1246690.099921445,20473205.923082065
TFIM,cnot_count,-4.175,234160.14411224582,1241340.78898751,20473366.742867686
TFIM,cnot_count,-4.15,230893.63360006816,1235996.736556982,20473527.65726488
TFIM,cnot_count,-4.125,227673.1176676244,1230657.9549706583,20473688.665479388
TFIM,cnot_count,-4.1,224497.94741300246,1225324.4566396594,20473849.766673565
TFIM,cnot_count,-4.075,221367.48312001346,1219996.254046079,20474010.959964007
TFIM,cnot_count,-4.05,218281.0941282091,1214673.3597436172,20474172.244419914
TFIM,cnot_count,-4.025,215238.15870475236,1209355.786358253,20474333.619061146
TFIM,cnot_count,-4.0,212238.063918102,1204043.5465888858,20474495.08285604
TFIM,cnot_count,-3.9749999999999996,209280.20551349892,1198736.6532080243,20474656.634719357
TFIM,cnot_count,-3.95,206363.98779022074,1193435.1190624496,20474818.273509745
TFIM,cnot_count,-3.925,203488.82348057814,1188138.9570739197,20474979.998027615
TFIM,cnot_count,-3.9,200654.13363063947,1182848.1802398528,20475141.80701254
TFIM,cnot_count,-3.875,197859.34748264353,1177562.8016340346,20475303.69914069
TFIM,cnot_count,-3.8499999999999996,195103.90235909141,1172282.8344073428,20475465.673021924
TFIM,cnot_count,-3.825,192387.2435484829,1167008.29178846,20475627.727197174
TFIM,cnot_count,-3.8,189708.82419268158,1161739.187084611,20475789.860135373
TFIM,cnot_count,-3.775,187068.10517588162,1156475.533682305,20475952.070230126
TFIM,cnot_count,-3.75,184464.55501515447,1151217.3450480856,20476114.355796635
TFIM,cnot_count,-3.7249999999999996,181897.649752554,1145964.6347293004,20476276.715068065
TFIM,cnot_count,-3.7,179366.87284875958,1140717.416354863,20476439.146191973
TFIM,cnot_count,-3.675,176871.71507823098,1135475.7036360411,20476601.647226673
TFIM,cnot_count,-3.65,174411.67442585947,1130239.5103672459,20476764.21613686
TFIM,cnot_count,-3.625,171986.25598508856,1125008.8504268404,20476926.850789692
TFIM,cnot_count,-3.5999999999999996,169594.97185748996,1119783.7377779454,20477089.548950396
TFIM,cnot_count,-3.575,167237.34105376885,1114564.1864692722,20477252.308277413
TFIM,cnot_count,-3.55,164912.8893961807,1109350.2106359461,20477415.126317587
TFIM,cnot_count,-3.525,162621.14942234114,1104141.8245003684,20477578.00050135
TFIM,cnot_count,-3.5,160361.6602904068,1098939.0423730626,20477740.92813668
TFIM,cnot_count,-3.4749999999999996,158133.9676856116,1093741.8786535484,20477903.906404242
TFIM,cnot_count,-3.45,155937.623728135,1088550.3478312246,20478066.932350583
TFIM,cnot_count,-3.425,153772.18688228636,1083364.464486258,20478230.00288248
TFIM,cnot_count,-3.4,151637.2218669895,1078184.2432904947,20478393.114760086
TFIM,cnot_count,-3.375,149532.2995675432,1073009.6990083742,20478556.264589865
TFIM,cnot_count,-3.3499999999999996,147456.99694864565,1067840.8464978605,20478719.448817234
TFIM,cnot_count,-3.325,145410.89696866332,1062677.7007113877,20478882.663719073
TFIM,cnot_count,-3.3,143393.5884951256,1057520.2766968133,20479045.905395202
TFIM,cnot_count,-3.275,141404.66622143,1052368.5895983954,20479209.169759855
TFIM,cnot_count,-3.25,139443.73058474308,1047222.6546577653,20479372.45253258
TFIM,cnot_count,-3.2249999999999996,137510.38768507412,1042082.4872149352,20479535.749228787
TFIM,cnot_count,-3.2,135604.2492055146,1036948.1027093021,20479699.05514902
TFIM,cnot_count,-3.175,133724.93233361896,1031819.5166806781,20479862.36536878
TFIM,cnot_count,-3.15,131872.05968391662,1026696.7447703314,20480025.6747268
TFIM,cnot_count,-3.125,130045.25922153796,1021579.8027220347,20480188.977813095
TFIM,cnot_count,-3.0999999999999996,128244.16418693858,1016468.7063831452,20480352.26895615
TFIM,cnot_count,-3.075,126468.41302170843,1011363.47170568,20480515.542209525
TFIM,cnot_count,-3.05,124717.64929544886,1006264.1147474241,20480678.79133721
TFIM,cnot_count,-3.025,122991.52163370619,1001170.6516730468,20480842.009798862
TFIM,cnot_count,-3.0,121289.68364694546,996083.0987552314,20481005.190733537
TFIM,cnot_count,-2.975,119611.79386055103,991001.4723758296,20481168.326942317
TFIM,cnot_count,-2.9499999999999997,117957.51564584026,985925.7890270256,20481331.41087052
TFIM,cnot_count,-2.925,116326.51715207733,980856.065312518,20481494.43458841
TFIM,cnot_count,-2.9,114718.47123947357,975792.3179487273,20481657.38977024
TFIM,cnot_count,-2.875,113133.05541316122,970734.5637660102,20481820.26767311
TFIM,cnot_count,-2.85,111569.951758129,965682.8197098947,20481983.05911317
TFIM,cnot_count,-2.8249999999999997,110028.84687510472,960637.1028423435,20482145.754441235
TFIM,cnot_count,-2.8,108509.43181737563,955597.4303430207,20482308.3435164
TFIM,cnot_count,-2.775,107011.40202853164,950563.819510593,20482470.8156778
TFIM,cnot_count,-2.75,105534.45728112283,945536.2877640344,20482633.159714915
TFIM,cnot_count,-2.725,104078.30161621641,940514.8526439674,20482795.363835506
TFIM,cnot_count,-2.6999999999999997,102642.64328384404,935499.5318140096,20482957.415631335
TFIM,cnot_count,-2.675,101227.19468432807,930490.3430621555,20483119.30204181
TFIM,cnot_count,-2.65,99831.67231047561,925487.3043021683,20483281.009315055
TFIM,cnot_count,-2.625,98455.79669062975,920490.4335749893,20483442.52296587
TFIM,cnot_count,-2.5999999999999996,97099.29233256886,915499.7490501949,20483603.827731032
TFIM,cnot_count,-2.5749999999999997,95761.88766824304,910515.2690274372,20483764.9075216
TFIM,cnot_count,-2.55,94443.31499933617,905537.0119379442,20483925.74537107
TFIM,cnot_count,-2.525,93143.3104436487,900564.9963460192,20484086.323380463
TFIM,cnot_count,-2.5,91861.61388228706,895599.2409505721,20484246.622658767
TFIM,cnot_count,-2.4749999999999996,90597.96890765449,890639.7645866779,20484406.623259302
TFIM,cnot_count,-2.4499999999999997,89352.12277223235,885686.5862271554,20484566.304110814
TFIM,cnot_count,-2.425,88123.8263381435,880739.7249841733,20484725.642944034
TFIM,cnot_count,-2.4,86912.83402749206,875799.20011088,20484884.616211258
TFIM,cnot_count,-2.375,85718.9037734693,870865.0310030591,20485043.199001025
TFIM,cnot_count,-2.3499999999999996,84541.79697221877,865937.2372008206,20485201.364944916
TFIM,cnot_count,-2.3249999999999997,83381.27843545441,861015.8383903046,20485359.086117193
TFIM,cnot_count,-2.3,82237.11634382425,856100.8544054234,20485516.332926326
TFIM,cnot_count,-2.275,81109.08220101304,851192.305229635,20485673.0739976
TFIM,cnot_count,-2.25,79996.95078857837,846290.2109977305,20485829.27604504
TFIM,cnot_count,-2.2249999999999996,78900.50012151353,841394.5919976659,20485984.903733727
TFIM,cnot_count,-2.1999999999999997,77819.51140453313,836505.4686724211,20486139.919529263
TFIM,cnot_count,-2.175,76753.76898907611,831622.8616218863,20486294.283534408
TFIM,cnot_count,-2.15,75703.06033102024,826746.7916047778,20486447.953311026
TFIM,cnot_count,-2.125,74667.17594910674,821877.2795405985,20486600.883686196
TFIM,cnot_count,-2.0999999999999996,73645.90938406916,817014.3465116132,20486753.02654083
TFIM,cnot_count,-2.0749999999999997,72639.05715846494,812158.0137648784,20486904.33057812
TFIM,cnot_count,-2.05,71646.41873720656,807308.3027142831,20487054.741070524
TFIM,cnot_count,-2.025,70667.7964887896,802465.2349426493,20487204.199582938
TFIM,cnot_count,-2.0,69702.99564721901,797628.8322038477,20487352.64366811
TFIM,cnot_count,-1.9749999999999996,68751.82427462893,792799.1164249623,20487500.00653324
TFIM,cnot_count,-1.9499999999999997,67814.0932246002,787976.1097084911,20487646.21667214
TFIM,cnot_count,-1.9249999999999998,66889.61610617321,783159.8343345785,20487791.197460774
TFIM,cnot_count,-1.9,65978.20924855866,778350.3127632978,20487934.86671049
TFIM,cnot_count,-1.875,65079.691666549974,773547.567636963,20488077.13617437
TFIM,cnot_count,-1.8499999999999996,64193.88502663791,768751.6217824864,20488217.911001086
TFIM,cnot_count,-1.8249999999999997,63320.6136138341,763962.4982137855,20488357.08912899
TFIM,cnot_count,-1.7999999999999998,62459.70429920759,759180.2201342146,20488494.560613144
TFIM,cnot_count,-1.775,61610.98650814063,754404.8109390603,20488630.206876714
TFIM,cnot_count,-1.75,60774.29218931304,749636.2942180661,20488763.899875876
TFIM,cnot_count,-1.7249999999999996,59949.45578442189,744874.6937580195,20488895.5011673
TFIM,cnot_count,-1.6999999999999997,59136.31419864903,740120.0335453654,20489024.860864505
TFIM,cnot_count,-1.6749999999999998,58334.70677188728,735372.3377688862,20489151.81646675
TFIM,cnot_count,-1.65,57544.475250739386,730631.6308224183,20489276.191542774
TFIM,cnot_count,-1.625,56765.46376130675,725897.9373076308,20489397.794247758
TFIM,cnot_count,-1.5999999999999996,55997.51878278347,721171.2820368427,20489516.415648434
TFIM,cnot_count,-1.5749999999999997,55240.48912187785,716451.6900359035,20489631.827826597
TFIM,cnot_count,-1.5499999999999998,54494.225888082394,711739.1865471242,20489743.781726662
TFIM,cnot_count,-1.525,53758.58246981943,707033.7970322615,20489852.004705507
TFIM,cnot_count,-1.5,53033.414511489056,702335.5471755594,20489956.197736315
TFIM,cnot_count,-1.4749999999999996,52318.57989145151,697644.4628868554,20490056.032207653
TFIM,cnot_count,-1.4499999999999997,51613.938700980805,692960.5703047344,20490151.146248076
TFIM,cnot_count,-1.4249999999999998,50919.35322422665,688283.8957997579,20490241.140492167
TFIM,cnot_count,-1.4,50234.68791923106,683614.4659777381,20490325.573187336
TFIM,cnot_count,-1.375,49559.80940004751,678952.3076830931,20490403.954517674
TFIM,cnot_count,-1.3499999999999996,48894.58642001705,674297.4480022617,20490475.739995543
TFIM,cnot_count,-1.3249999999999997,48238.8898562634,669649.914267176,20490540.322738133
TFIM,cnot_count,-1.2999999999999998,47592.59269547326,665009.7340588172,20490597.024402354
TFIM,cnot_count,-1.275,46955.570021039435,660376.9352108359,20490645.084499307
TFIM,cnot_count,-1.25,46327.69900164881,655751.5458132435,20490683.647740796
TFIM,cnot_count,-1.2249999999999996,45708.85888141111,651133.5942161786,20490711.748981427
TFIM,cnot_count,-1.1999999999999997,45098.93097163214,646523.1090337541,20490728.295207366
TFIM,cnot_count,-1.1749999999999998,44497.798644349095,641920.1191479719,20490732.043873835
TFIM,cnot_count,-1.15,43905.34732775997,637324.6537127333,20490721.57669802
TFIM,cnot_count,-1.125,43321.46450369184,632736.7421579163,20490695.267756995
TFIM,cnot_count,-1.0999999999999996,42746.03970727467,628156.4141935507,20490651.244393844
TFIM,cnot_count,-1.0749999999999997,42178.964529004596,623583.6998140656,20490587.33896697
TFIM,cnot_count,-1.0499999999999998,41620.132619402524,619018.6293026423,20490501.02884358
TFIM,cnot_count,-1.025,41069.439696505,614461.2332356429,20490389.361154124
TFIM,cnot_count,-1.0,40526.78355644671,609911.5424871477,20490248.857598215
TFIM,t_count,-5.0,43294119.10295547,116079562.06927308,192282778.68887103
TFIM,t_count,-4.975,42619604.47833604,115402630.39344706,191926786.78626212
TFIM,t_count,-4.95,41955343.81296203,114727627.46002983,191570776.84910825
TFIM,t_count,-4.925,41301182.96263157,114054553.56044187,191214748.8292027
TFIM,t_count,-4.9,40656970.08045156,113383408.98702945,190858702.67788473
TFIM,t_count,-4.875,40022555.58277357,112714194.03306621,190502638.3460275
TFIM,t_count,-4.85,39397792.115629315,112046908.99276255,190146555.78403166
TFIM,t_count,-4.825,38782534.521663204,111381554.16126873,189790454.94181365
TFIM,t_count,-4.8,38176639.80755203,110718129.83468315,189434335.7687982
TFIM,t_count,-4.775,37579967.111905396,110056636.31005602,189078198.21390617
TFIM,t_count,-4.75,36992377.67363882,109397073.88539658,188722042.2255458
TFIM,t_count,-4.725,36413734.80081549,108739442.85968007,188365867.75160095
TFIM,t_count,-4.7,35843903.839945175,108083743.53285107,188009674.73942098
TFIM,t_count,-4.675,35282752.14573794,107429976.20583297,187653463.1358088
TFIM,t_count,-4.65,34730149.051303536,106778141.18053165,187297232.88700843
TFIM,t_count,-4.625,34185965.838789605,106128238.75984345,186940983.9386942
TFIM,t_count,-4.6,33650075.710454896,105480269.24766013,186584716.23595762
TFIM,t_count,-4.575,33122353.760167908,104834232.9488761,186228429.72329408
TFIM,t_count,-4.55,32602676.945325453,104190130.16939573,185872124.3445893
TFIM,t_count,-4.525,32090924.05918805,103547961.21613765,185515800.0431062
TFIM,t_count,-4.5,31586975.703620497,102907726.39704354,185159456.7614702
TFIM,t_count,-4.475,31090714.262237303,102269426.02108352,184803094.4416536
TFIM,t_count,-4.45,30602023.87394184,101633060.39826277,184446713.02496123
TFIM,t_count,-4.425,30120790.40685873,100998629.83963016,184090312.4520139
TFIM,t_count,-4.4,29646901.432647467,100366134.6572825,183733892.6627316
TFIM,t_count,-4.375,29180246.20119905,99735575.16437356,183377453.59631726
TFIM,t_count,-4.35,28720715.615701776,99106951.67511985,183020995.1912391
TFIM,t_count,-4.325,28268202.208078638,98480264.50480796,182664517.38520974
TFIM,t_count,-4.3,27822600.114784125,97855513.9698021,182308020.1151717
TFIM,t_count,-4.275,27383805.052960526,97232700.38755095,181951503.31727237
TFIM,t_count,-4.25,26951714.29694407,96611824.07659535,181594966.92684737
TFIM,t_count,-4.225,26526226.655119542,95992885.35657474,181238410.87839794
TFIM,t_count,-4.2,26107242.447114393,95375884.54823586,180881835.10556847
TFIM,t_count,-4.175,25694663.481330983,94760821.97343889,180525239.54112354
TFIM,t_count,-4.15,25288393.0328096,94147697.95516625,180168624.11692512
TFIM,t_count,-4.125,24888335.821417682,93536512.81752975,179811988.76390556
TFIM,t_count,-4.1,24494397.990361392,92927266.8857778,179455333.41204464
TFIM,t_count,-4.075,24106487.085014116,92319960.48630448,179098657.99034026
TFIM,t_count,-4.05,23724512.032056637,91714593.9466556,178741962.42678216
TFIM,t_count,-4.025,23348383.118925698,91111167.59553882,178385246.64832178
TFIM,t_count,-4.0,22978011.973565366,90509681.76283012,178028510.58084214
TFIM,t_count,-3.9749999999999996,22613311.544476748,89910136.77958308,177671754.1491272
TFIM,t_count,-3.95,22254196.081062563,89312532.97803539,177314977.27682868
TFIM,t_count,-3.925,21900581.11426055,88716870.69161889,176958179.88643068
TFIM,t_count,-3.9,21552383.43746362,88123150.25496788,176601361.89921623
TFIM,t_count,-3.875,21209521.08772027,87531372.00392622,176244523.23522854
TFIM,t_count,-3.8499999999999996,20871913.32721254,86941536.27555682,175887663.81323233
TFIM,t_count,-3.825,20539480.625006992,86353643.40815109,175530783.55067372
TFIM,t_count,-3.8,20212144.63907476,85767693.74123593,175173882.36363855
TFIM,t_count,-3.775,19889828.198575992,85183687.61558393,174816960.16680726
TFIM,t_count,-3.75,19572455.28640604,84601625.37322214,174460016.87340924
TFIM,t_count,-3.7249999999999996,19259951.021998145,84021507.35743997,174103052.3951749
TFIM,t_count,-3.7,18952241.64437996,83443333.91279994,173746066.6422855
TFIM,t_count,-3.675,18649254.495479025,82867105.38514666,173389059.52331942
TFIM,t_count,-3.65,18350918.003674585,82292822.12161471,173032030.94519812
TFIM,t_count,-3.625,18057161.66759118,81720484.47063953,172674980.813129
TFIM,t_count,-3.5999999999999996,17767916.040130805,81150092.78196679,172317909.03054273
TFIM,t_count,-3.575,17483112.712740276,80581647.40666129,171960815.49903315
TFIM,t_count,-3.55,17202684.299909893,80015148.69711766,171603700.11828834
TFIM,t_count,-3.525,16926564.42389965,79450597.00706927,171246562.78602314
TFIM,t_count,-3.5,16654687.69969092,78887992.69159922,170889403.39790455
TFIM,t_count,-3.4749999999999996,16386989.720158515,78327336.10714965,170532221.84747693
TFIM,t_count,-3.45,16123407.041461,77768627.61153212,170175018.02607992
TFIM,t_count,-3.425,15863877.168645615,77211867.56393796,169817791.82276702
TFIM,t_count,-3.4,15608338.541464321,76657056.32494883,169460543.12421393
TFIM,t_count,-3.375,15356730.520398391,76104194.2565474,169103271.81462756
TFIM,t_count,-3.3499999999999996,15108993.372887854,75553281.7221271,168745977.7756474
TFIM,t_count,-3.325,14865068.259762827,75004319.08650407,168388660.88624275
TFIM,t_count,-3.3,14624897.22187378,74457306.71592757,168031321.0226046
TFIM,t_count,-3.275,14388423.166917948,73912244.97809115,167673958.05803213
TFIM,t_count,-3.25,14155589.856458133,73369134.24214289,167316571.86281106
TFIM,t_count,-3.2249999999999996,13926341.893132072,72827974.87869829,166959162.30408743
TFIM,t_count,-3.2,13700624.70804836,72288767.25985038,166601729.24573582
TFIM,t_count,-3.175,13478384.548367066,71751511.75918189,166244272.5482166
TFIM,t_count,-3.15,13259568.465061314,71216208.75177734,165886792.0684273
TFIM,t_count,-3.125,13044124.300857812,70682858.61423291,165529287.6595465
TFIM,t_count,-3.0999999999999996,12832000.678353302,70151461.72467168,165171759.17086816
TFIM,t_count,-3.075,12623146.988303715,69622018.46275239,164814206.44762424
TFIM,t_count,-3.05,12417513.378084455,69094529.20968345,164456629.33080125
TFIM,t_count,-3.025,12215050.740318034,68568994.34823574,164099027.6569422
TFIM,t_count,-3.0,12015710.701667264,68045414.26275347,163741401.25794083
TFIM,t_count,-2.975,11819445.611790836,67523789.3391687,163383749.96081808
TFIM,t_count,-2.9499999999999997,11626208.5324594,67004119.96501282,163026073.58749193
TFIM,t_count,-2.925,11435953.226828784,66486406.5294305,162668371.95452702
TFIM,t_count,-2.9,11248634.148868639,65970649.4231917,162310644.8728735
TFIM,t_count,-2.875,11064206.432943745,65456849.03870635,161952892.1475861
TFIM,t_count,-2.85,10882625.883545265,64945005.77003701,161595113.5775282
TFIM,t_count,-2.8249999999999997,10703848.96517006,64435120.01291226,161237308.95505714
TFIM,t_count,-2.8,10527832.792345429,63927192.16474163,160879478.06568596
TFIM,t_count,-2.775,10354535.119796721,63421222.62462852,160521620.68772885
TFIM,t_count,-2.75,10183914.332755968,62917211.79338461,160163736.59191778
TFIM,t_count,-2.725,10015929.437408699,62415160.07354443,159805825.5409979
TFIM,t_count,-2.6999999999999997,9850540.051477084,61915067.86937986,159447887.28929365
TFIM,t_count,-2.675,9687706.394936876,61416935.586914375,159089921.5822459
TFIM,t_count,-2.65,9527389.28086602,60920763.63393892,158731928.15591913
TFIM,t_count,-2.625,9369550.106422571,60426552.42002572,158373906.73647165
TFIM,t_count,-2.5999999999999996,9214150.843949992,59934302.35654416,158015857.03959078
TFIM,t_count,-2.5749999999999997,9061154.032207284,59444013.85667689,157657778.7698872
TFIM,t_count,-2.55,8910522.767721869,58955687.33543406,157299671.62024745
TFIM,t_count,-2.525,8762220.696263392,58469323.209670275,156941535.27113685
TFIM,t_count,-2.5,8616212.004435785,57984921.89810045,156583369.3898533
TFIM,t_count,-2.4749999999999996,8472461.4113856,57502483.82131595,156225173.62972546
TFIM,t_count,-2.4499999999999997,8330934.160624772,57022009.401800856,155866947.62924966
TFIM,t_count,-2.425,8191596.011965303,56543499.06394918,155508691.0111626
TFIM,t_count,-2.4,8054413.233563822,56066953.23408145,155150403.3814405
TFIM,t_count,-2.375,7919352.594074118,55592372.34046173,154792084.32822356
TFIM,t_count,-2.3499999999999996,7786381.354905242,55119756.81331568,154433733.42065126
TFIM,t_count,-2.3249999999999997,7655467.262583165,54649107.08484706,154075350.20760792
TFIM,t_count,-2.3,7526578.541213916,54180423.58925665,153716934.21636328
TFIM,t_count,-2.275,7399683.885045988,53713706.76275958,153358484.95110506
TFIM,t_count,-2.25,7274752.451129965,53248957.043604426,153000001.89134565
TFIM,t_count,-2.2249999999999996,7151753.852072996,52786174.87209072,152641484.49019554
TFIM,t_count,-2.1999999999999997,7030658.148886257,52325360.69058877,152282932.17249084
TFIM,t_count,-2.175,6911435.843922993,51866514.94355827,151924344.3327529
TFIM,t_count,-2.15,6794057.873905007,51409638.077567965,151565720.33297417
TFIM,t_count,-2.125,6678495.603035336,50954730.541314386,151207059.50020114
TFIM,t_count,-2.0999999999999996,6564720.816194947,50501792.78564311,150848361.12390113
TFIM,t_count,-2.0749999999999997,6452705.7122210115,50050825.26356805,150489624.45308468
TFIM,t_count,-2.05,6342422.897264594,49601828.43029209,150130848.69315863
TFIM,t_count,-2.025,6233845.378225233,49154802.74322769,149772033.0024812
TFIM,t_count,-2.0,6126946.556260132,48709748.66201824,149413176.48858514
TFIM,t_count,-1.9749999999999996,6021700.220365341,48266666.64855917,149054278.20402852
TFIM,t_count,-1.9499999999999997,5918080.541026564,47825557.16701967,148695337.14183378
TFIM,t_count,-1.9249999999999998,5816062.063936849,47386420.68386445,148336352.23046374
TFIM,t_count,-1.9,5715619.703778593,46949257.66787661,147977322.32828203
TFIM,t_count,-1.875,5616728.738067011,46514068.59017952,147618246.2174306
TFIM,t_count,-1.8499999999999996,5519364.801052282,46080853.924259976,147259122.59705615
TFIM,t_count,-1.8249999999999997,5423503.877677442,45649614.145991586,146899950.07580185
TFIM,t_count,-1.7999999999999998,5329122.297588855,45220349.73365845,146540727.1634695
TFIM,t_count,-1.775,5236196.729196238,44793061.16797885,146181452.26174295
TFIM,t_count,-1.75,5144704.17377871,44367748.932129376,145822123.6538512
TFIM,t_count,-1.7249999999999996,5054621.959633589,43944413.51177048,145462739.49302047
TFIM,t_count,-1.6999999999999997,4965927.736264119,43523055.39507044,145103297.78955492
TFIM,t_count,-1.6749999999999998,4878599.468602438,43103675.072731435,144743796.39634526
TFIM,t_count,-1.65,4792615.431263638,42686273.038015045,144384232.9925854
TFIM,t_count,-1.625,4707954.202826656,42270849.78676872,144024605.0654256
TFIM,t_count,-1.5999999999999996,4624594.660137623,41857405.81745209,143664909.8892588
TFIM,t_count,-1.5749999999999997,4542515.972630632,41445941.63116422,143305144.50227246
TFIM,t_count,-1.5499999999999998,4461697.596661077,41036457.73167069,142945305.67983535
TFIM,t_count,-1.525,4382119.269845924,40628954.62543198,142585389.9042168
TFIM,t_count,-1.5,4303761.005405257,40223432.82163096,142225393.33002624
TFIM,t_count,-1.4749999999999996,4226603.086498714,39819892.8322024,141865311.74466193
TFIM,t_count,-1.4499999999999997,4150626.060550311,39418335.17186173,141505140.5229013
TFIM,t_count,-1.4249999999999998,4075810.7335542273,39018760.358135015,141144874.57460058
TFIM,t_count,-1.4,4002138.164354048,38621168.911388345,140784508.2842529
TFIM,t_count,-1.375,3929589.65888679,38225561.35485937,140424035.44088873
TFIM,t_count,-1.3499999999999996,3858146.7643828727,37831938.21468781,140063449.15647542
TFIM,t_count,-1.3249999999999997,3787791.263511967,37440300.01994691,139702741.7705491
TFIM,t_count,-1.2999999999999998,3718505.1684640553,37050647.30267612,139341904.73830247
TFIM,t_count,-1.275,3650270.7149540205,36662980.597913206,138980928.49867687
TFIM,t_count,-1.25,3583070.356136857,36277300.44372789,138619802.31817526
TFIM,t_count,-1.2249999999999996,3516886.756419556,35893607.38125497,138258514.10501653
TFIM,t_count,-1.1999999999999997,3451702.7851543217,35511901.9547292,137897050.1868589
TFIM,t_count,-1.1749999999999998,3387501.510196059,35132184.71151979,137535395.04348397
TFIM,t_count,-1.15,3324266.191305674,34754456.202165775,137173530.9834323
TFIM,t_count,-1.125,3261980.273378543,34378716.9804125,136811437.75040093
TFIM,t_count,-1.0999999999999996,3200627.3794752955,34004967.60324763,136449092.04094052
TFIM,t_count,-1.0749999999999997,3140191.303629923,33633208.63093915,136086466.90924853
TFIM,t_count,-1.0499999999999998,3080656.003407003,33263440.627072733,135723531.02698433
TFIM,t_count,-1.025,3022005.5921769314,32895664.158590443,135360247.75519672
TFIM,t_count,-1.0,2964224.3310743696,32529879.795830004,134996573.97029275
Heisenberg,cnot_count,-5.0,1095490.6556104196,2248415.6473563355,37043138.21626799
Heisenberg,cnot_count,-4.975,1080323.9296332635,2244588.675176869,37038833.36774532
Heisenberg,cnot_count,-4.95,1065369.401788917,2240756.869120772,37034526.162361905
Heisenberg,cnot_count,-4.925,1050624.0931897531,2236920.208663585,37030216.6016089
Heisenberg,cnot_count,-4.9,1036085.0669152715,2233078.673132099,37025904.68731335
Heisenberg,cnot_count,-4.875,1021749.4274202387,2229232.2417028677,37021590.421653755
Heisenberg,cnot_count,-4.85,1007614.319951189,2225380.8934006128,37017273.80717197
Heisenberg,cnot_count,-4.825,993676.9299711905,2221524.6070966977,37012954.84678825
Heisenberg,cnot_count,-4.8,979934.4825927399,2217663.3615075215,37008633.54381653
Heisenberg,cnot_count,-4.775,966384.2420186765,2213797.135192893,37004309.90197841
Heisenberg,cnot_count,-4.75,953023.5109910093,2209925.906554435,36999983.925420776
Heisenberg,cnot_count,-4.725,939849.6302475493,2206049.653833898,36995655.61873184
Heisenberg,cnot_count,-4.7,926859.9779862035,2202168.355111506,36991324.986958005
Heisenberg,cnot_count,-4.675,914051.96933687,2198281.9883042355,36986992.03562298
Heisenberg,cnot_count,-4.65,901423.0558408091,2194390.5311641195,36982656.770745665
Heisenberg,cnot_count,-4.625,888970.7249373463,2190493.961276477,36978319.19885984
Heisenberg,cnot_count,-4.6,876692.49945788,2186592.2560581607,36973979.32703431
Heisenberg,cnot_count,-4.575,864585.9371270122,2182685.3927557664,36969637.16289494
Heisenberg,cnot_count,-4.55,852648.6300707657,2178773.348443783,36965292.71464559
Heisenberg,cnot_count,-4.525,840878.2043317411,2174856.10002279,36960945.99109166
Heisenberg,cnot_count,-4.5,829272.3193911465,2170933.624217563,36956597.001663916
Heisenberg,cnot_count,-4.475,817828.6676975879,2167005.8975751824,36952245.756442495
Heisenberg,cnot_count,-4.45,806544.9742025199,2163072.896463111,36947892.26618411
Heisenberg,cnot_count,-4.425,795418.9959022921,2159134.597067252,36943536.542347595
Heisenberg,cnot_count,-4.4,784448.5213866542,2155190.975389964,36939178.597123735
Heisenberg,cnot_count,-4.375,773631.3703936664,2151242.0072480594,36934818.44346281
Heisenberg,cnot_count,-4.35,762965.3933709112,2147287.668270786,36930456.09510572
Heisenberg,cnot_count,-4.325,752448.4710429109,2143327.93389773,36926091.56661598
Heisenberg,cnot_count,-4.3,742078.5139846731,2139362.7793767625,36921724.87341333
Heisenberg,cnot_count,-4.275,731853.462201273,2135392.1797618996,36917356.03180735
Heisenberg,cnot_count,-4.25,721771.2847133987,2131416.109911162,36912985.05903388
Heisenberg,cnot_count,-4.225,711829.9791487518,2127434.5444843727,36908611.97329275
Heisenberg,cnot_count,-4.2,702027.5713392512,2123447.4579409678,36904236.79378812
Heisenberg,cnot_count,-4.175,692362.1149239256,2119454.8245377406,36899859.54076688
Heisenberg,cnot_count,-4.15,682831.6909574566,2115456.61832656,36895480.235564746
Heisenberg,cnot_count,-4.125,673434.4075242374,2111452.8131520585,36891098.90064855
Heisenberg,cnot_count,-4.1,664168.3993579324,2107443.382649295,36886715.55966432
Heisenberg,cnot_count,-4.075,655031.8274664101,2103428.3002413725,36882330.237485
Heisenberg,cnot_count,-4.05,646022.8787619944,2099407.53913702,36877942.9602627
Heisenberg,cnot_count,-4.025,637139.7656969703,2095381.0723281414,36873553.75548132
Heisenberg,cnot_count,-4.0,628380.7259042431,2091348.8725873367,36869162.65201308
Heisenberg,cnot_count,-3.9749999999999996,619744.0218431045,2087310.9124653686,36864769.68017538
Heisenberg,cnot_count,-3.95,611227.9404500226,2083267.164288611,36860374.87179349
Heisenberg,cnot_count,-3.925,602830.7927943837,2079217.6001564371,36855978.26026329
Heisenberg,cnot_count,-3.9,594550.9137391235,2075162.1919385984,36851579.88061943
Heisenberg,cnot_count,-3.875,586386.6616061762,2071100.9112725274,36847179.76960346
Heisenberg,cnot_count,-3.8499999999999996,578336.4178466656,2067033.7295606358,36842777.96573868
Heisenberg,cnot_count,-3.825,570398.5867157966,2062960.6179675309,36838374.50940653
Heisenberg,cnot_count,-3.8,562571.5949523471,2058881.5474172544,36833969.44292661
Heisenberg,cnot_count,-3.775,554853.8914627299,2054796.4885903825,36829562.81064209
Heisenberg,cnot_count,-3.75,547243.9470095357,2050705.4119211924,36825154.6590069
Heisenberg,cnot_count,-3.7249999999999996,539740.2539045131,2046608.2875946907,36820745.03667891
Heisenberg,cnot_count,-3.7,532341.3257059044,2042505.0855436467,36816333.994617425
Heisenberg,cnot_count,-3.675,525045.6969201026,2038395.7754455754,36811921.586185925
Heisenberg,cnot_count,-3.65,517851.9227075432,2034280.32671966,36807507.867257506
Heisenberg,cnot_count,-3.625,510758.57859279244,2030158.7085236297,36803092.89632896
Heisenberg,cnot_count,-3.5999999999999996,503764.26017876214,2026030.8897506031,36798676.734638646
Heisenberg,cnot_count,-3.575,496867.5828649973,2021896.8390258464,36794259.44629002
Heisenberg,cnot_count,-3.55,490067.1815699877,2017756.524703537,36789841.09838325
Heisenberg,cnot_count,-3.525,483361.7104574297,2013609.9148634188,36785421.76115156
Heisenberg,cnot_count,-3.5,476749.8426664095,2009456.9773074368,36781001.508106016
Heisenberg,cnot_count,-3.4749999999999996,470230.2700454293,2005297.6795563109,36776580.41618763
Heisenberg,cnot_count,-3.45,463801.702890242,2001131.9888460545,36772158.56592702
Heisenberg,cnot_count,-3.425,457462.8696854317,1996959.8721244417,36767736.041612804
Heisenberg,cnot_count,-3.4,451212.51684969553,1992781.2960473972,36763312.93146901
Heisenberg,cnot_count,-3.375,445049.4084847712,1988596.2269753614,36758889.32784178
Heisenberg,cnot_count,-3.3499999999999996,438972.32612796035,1984404.6309695651,36754465.32739691
Heisenberg,cnot_count,-3.325,432980.0685082155,1980206.4737882726,36750041.031326324
Heisenberg,cnot_count,-3.3,427071.45130570553,1976001.720882923,36745616.5455694
Heisenberg,cnot_count,-3.275,421245.3069148643,1971790.3373942669,36741191.98104184
Heisenberg,cnot_count,-3.25,415500.48421082244,1967572.2881483722,36736767.453881435
Heisenberg,cnot_count,-3.2249999999999996,409835.8483192206,1963347.5376526187,36732343.08570639
Heisenberg,cnot_count,-3.2,404250.2803893291,1959116.0500915912,36727919.003886014
Heisenberg,cnot_count,-3.175,398742.67737045186,1954877.7893229336,36723495.34183079
Heisenberg,cnot_count,-3.15,393311.95179155417,1950632.7188731006,36719072.23929658
Heisenberg,cnot_count,-3.125,387957.0315440819,1946380.8019330676,36714649.842707105
Heisenberg,cnot_count,-3.0999999999999996,382676.8596679275,1942122.001353954,36710228.30549505
Heisenberg,cnot_count,-3.075,377470.39414050477,1937856.2796425624,36705807.7884653
Heisenberg,cnot_count,-3.05,372336.6076688841,1933583.5989568762,36701388.46017643
Heisenberg,cnot_count,-3.025,367274.48748495907,1929303.9211014367,36696970.49734778
Heisenberg,cnot_count,-3.0,362283.0351435978,1925017.207522681,36692554.08529098
Heisenberg,cnot_count,-2.975,357361.2663237482,1920723.419304166,36688139.418366514
Heisenberg,cnot_count,-2.9499999999999997,352508.2106324504,1916422.5171617377,36683726.700470865
Heisenberg,cnot_count,-2.925,347722.91141172795,1912114.461438597,36679316.14555058
Heisenberg,cnot_count,-2.9,343004.42554832465,1907799.2121002916,36674907.978153385
Heisenberg,cnot_count,-2.875,338351.82328623906,1903476.7287296185,36670502.43400948
Heisenberg,cnot_count,-2.85,333764.1880420358,1899146.970521431,36666099.76065379
Heisenberg,cnot_count,-2.8249999999999997,329240.6162228951,1894809.8962773606,36661700.21808668
Heisenberg,cnot_count,-2.8,324780.21704736626,1890465.4644004444,36657304.079478726
Heisenberg,cnot_count,-2.775,320382.11236880015,1886113.6328896552,36652911.63192213
Heisenberg,cnot_count,-2.75,316045.4365014184,1881754.3593343443,36648523.17723113
Heisenberg,cnot_count,-2.725,311769.3360490013,1877387.6009085546,36644139.03279812
Heisenberg,cnot_count,-2.6999999999999997,307552.9697361591,1873013.3143652822,36639759.53250695
Heisenberg,cnot_count,-2.675,303395.508242158,1868631.456030583,36635385.027708985
Heisenberg,cnot_count,-2.65,299296.13403727405,1864241.9817976134,36631015.888269156
Heisenberg,cnot_count,-2.625,295254.0412216504,1859844.847120527,36626652.503681764
Heisenberg,cnot_count,-2.5999999999999996,291268.4353666293,1855440.0070082904,36622295.28427026
Heisenberg,cnot_count,-2.5749999999999997,287338.53335853753,1851027.4160183794,36617944.66246854
Heisenberg,cnot_count,-2.55,283463.56324489467,1846607.028250336,36613601.0942
Heisenberg,cnot_count,-2.525,279642.7640830311,1842178.7973392296,36609265.06035354
Heisenberg,cnot_count,-2.5,275875.38579108677,1837742.6764490018,36604937.06837357
Heisenberg,cnot_count,-2.4749999999999996,272160.68900136853,1833298.6182656677,36600617.653965555
Heisenberg,cnot_count,-2.4499999999999997,268497.94491605577,1828846.574990398,36596307.382934675
Heisenberg,cnot_count,-2.425,264886.4351652254,1824386.4983324732,36592006.853164285
Heisenberg,cnot_count,-2.4,261325.45166718328,1819918.3395021118,36587716.69674945
Heisenberg,cnot_count,-2.375,257814.2964910876,1815442.0492031425,36583437.5822973
Heisenberg,cnot_count,-2.3499999999999996,254352.2817218447,1810957.5776255538,36579170.21741353
Heisenberg,cnot_count,-2.3249999999999997,250938.7293272689,1806464.874437907,36574915.35138796
Heisenberg,cnot_count,-2.3,247572.9710274899,1801963.8887795769,36570673.778101645
Heisenberg,cnot_count,-2.275,244254.34816659728,1797454.5692528698,36566446.339173526
Heisenberg,cnot_count,-2.25,240982.21158651772,1792936.8639149799,36562233.927374326
Heisenberg,cnot_count,-2.2249999999999996,237755.92150310846,1788410.7202697794,36558037.49032844
Heisenberg,cnot_count,-2.1999999999999997,234574.8473844723,1783876.0852594664,36553858.03453766
Heisenberg,cnot_count,-2.175,231438.36783147784,1779332.905256034,36549696.62975648
Heisenberg,cnot_count,-2.15,228345.87046049334,1774781.1260525815,36545554.413757
Heisenberg,cnot_count,-2.125,225296.7517883268,1770220.6928544515,36541432.5975205
Heisenberg,cnot_count,-2.0999999999999996,222290.4171193794,1765651.5502701693,36537332.470907554
Heisenberg,cnot_count,-2.0749999999999997,219326.28043501,1761073.6423022528,36533255.40884996
Heisenberg,cnot_count,-2.05,216403.76428512592,1756486.9123377784,36529202.87812784
Heisenberg,cnot_count,-2.025,213522.29968200106,1751891.3031388014,36525176.44479399
Heisenberg,cnot_count,-2.0,210681.32599634066,1747286.7568325591,36521177.7823179
Heisenberg,cnot_count,-1.9749999999999996,207880.29085560245,1742673.2149014715,36517208.68053435
Heisenberg,cnot_count,-1.9499999999999997,205118.65004459387,1738050.6181729767,36513271.05548578
Heisenberg,cnot_count,-1.9249999999999998,202395.86740837083,1733418.9068090955,36509366.960269466
Heisenberg,cnot_count,-1.9,199711.4147574595,1728778.0202958297,36505498.5970057
Heisenberg,cnot_count,-1.875,197064.77177543065,1724127.897432335,36501668.33006388
Heisenberg,cnot_count,-1.8499999999999996,194455.42592886614,1719468.4763198348,36497878.700708926
Heisenberg,cnot_count,-1.8249999999999997,191882.8723797508,1714799.6943503474,36494132.44334
Heisenberg,cnot_count,-1.7999999999999998,189346.6139003349,1710121.4881951434,36490432.50352994
Heisenberg,cnot_count,-1.775,186846.1607905192,1705433.7937929765,36486782.05810383
Heisenberg,cnot_count,-1.75,184381.03079781745,1700736.5463380576,36483184.53752625
Heisenberg,cnot_count,-1.7249999999999996,181950.74903995855,1696029.6802677773,36479643.65091164
Heisenberg,cnot_count,-1.6999999999999997,179554.84793019682,1691313.129250153,36476163.41402449
Heisenberg,cnot_count,-1.6749999999999998,177192.86710541247,1686586.826171034,36472748.18069091
Heisenberg,cnot_count,-1.65,174864.35335708366,1681850.7031209916,36469402.678116575
Heisenberg,cnot_count,-1.625,172568.8605652289,1677104.6913819574,36466132.04668395
Heisenberg,cnot_count,-1.5999999999999996,170305.94963542782,1672348.7214135537,36462941.88490847
Heisenberg,cnot_count,-1.5749999999999997,168075.1884390345,1667582.7228391252,36459838.300345935
Heisenberg,cnot_count,-1.5499999999999998,165876.1517567159,1662806.6244314641,36456827.96738759
Heisenberg,cnot_count,-1.525,163708.421225463,1658020.3540982264,36453918.193051025
Heisenberg,cnot_count,-1.5,161571.5852892292,1653223.8388670045,36451116.992089756
Heisenberg,cnot_count,-1.4749999999999996,159465.239153376,1648417.0048700895,36448433.17298578
Heisenberg,cnot_count,-1.4499999999999997,157388.98474312443,1643599.7773288658,36445876.436712354
Heisenberg,cnot_count,-1.4249999999999998,155342.43066622157,1638772.0805378756,36443457.490527384
Heisenberg,cnot_count,-1.4,153325.19218007202,1633933.8378485106,36441188.17953061
Heisenberg,cnot_count,-1.375,151336.89116359083,1629084.9716523245,36439081.639295794
Heisenberg,cnot_count,-1.3499999999999996,149377.15609407827,1624225.4033639769,36437152.47362171
Heisenberg,cnot_count,-1.3249999999999997,147445.62202943975,1619355.0534037666,36435416.962348334
Heisenberg,cnot_count,-1.2999999999999998,145541.93059611475,1614473.8411797807,36433893.30532989
Heisenberg,cnot_count,-1.275,143665.729983115,1609581.6850696048,36432601.91011801
Heisenberg,cnot_count,-1.25,141816.6749426204,1604678.5024016178,36431565.73275032
Heisenberg,cnot_count,-1.2249999999999996,139994.42679762875,1599764.209435846,36430810.683428966
Heisenberg,cnot_count,-1.1999999999999997,138198.65345721078,1594838.721344353,36430366.11196365
Heisenberg,cnot_count,-1.1749999999999998,136429.02943999175,1589901.9521911754,36430265.39186009
Heisenberg,cnot_count,-1.15,134685.23590654446,1584953.8149117692,36430546.627246894
Heisenberg,cnot_count,-1.125,132966.96070146465,1579994.2212919598,36431253.51382881
Heisenberg,cnot_count,-1.0999999999999996,131273.89840599016,1575023.0819463881,36432436.3944658
Heisenberg,cnot_count,-1.0749999999999997,129605.75040212927,1570040.3062964268,36434153.562666565
Heisenberg,cnot_count,-1.0499999999999998,127962.22494938417,1565045.8025475615,36436472.884632945
Heisenberg,cnot_count,-1.025,126343.03727528427,1560039.477666212,36439473.83447512
Heisenberg,cnot_count,-1.0,124747.90968110664,1555021.237355968,36443250.07073489
Heisenberg,t_count,-5.0,85420249.97302295,159679792.26798394,325255789.39335954
Heisenberg,t_count,-4.975,84107915.54435746,159121719.07724002,324612429.23936844
Heisenberg,t_count,-4.95,82815324.18480973,158563945.99753663,323969208.5408878
Heisenberg,t_count,-4.925,81542181.60998192,158006473.76025647,323326127.40506804
Heisenberg,t_count,-4.9,80288197.89013812,157449303.10075223,322683185.94247544
Heisenberg,t_count,-4.875,79053087.3860299,156892434.75838262,322040384.26720744
Heisenberg,t_count,-4.85,77836568.68566228,156335869.47654438,321397722.4970013
Heisenberg,t_count,-4.825,76638364.54198931,155779608.00270706,320755200.7533657
Heisenberg,t_count,-4.8,75458201.81152138,155223651.0884471,320112819.1617013
Heisenberg,t_count,-4.775,74295811.39383547,154667999.4894848,319470577.8514316
Heisenberg,t_count,-4.75,73150928.17197092,154112653.9657174,318828476.9561417
Heisenberg,t_count,-4.725,72023290.95370111,153557615.28125724,318186516.61372167
Heisenberg,t_count,-4.7,70912642.41366564,153002884.2044656,317544696.9665056
Heisenberg,t_count,-4.675,69818729.03635313,152448461.50799268,316903018.1614308
Heisenberg,t_count,-4.65,68741301.05991788,151894347.9688107,316261480.3501962
Heisenberg,t_count,-4.625,67680112.42082447,151340544.36825633,315620083.68941784
Heisenberg,t_count,-4.6,66634920.69930012,150787051.49206427,314978828.3408091
Heisenberg,t_count,-4.575,65605487.06559239,150233870.130408,314337714.47135705
Heisenberg,t_count,-4.55,64591576.22701076,149681001.0779392,313696742.2534984
Heisenberg,t_count,-4.525,63592956.37574769,149128445.13382623,313055911.8653208
Heisenberg,t_count,-4.5,62609399.13746604,148576203.101794,312415223.4907553
Heisenberg,t_count,-4.475,61640679.52063764,148024275.7901645,311774677.31978977
Heisenberg,t_count,-4.45,60686575.86662864,147472664.01189825,311134273.54867256
Heisenberg,t_count,-4.425,59746869.800514385,146921368.58463565,310494012.38015217
Heisenberg,t_count,-4.4,58821346.18261856,146370390.33073726,309853894.02369475
Heisenberg,t_count,-4.375,57909793.060760744,145819730.07732853,309213918.69573796
Heisenberg,t_count,-4.35,57012001.6232059,145269388.6563403,308574086.6199399
Heisenberg,t_count,-4.325,56127766.15230474,144719366.90455526,307934398.0274379
Heisenberg,t_count,-4.3,55256883.97881267,144169665.66364866,307294853.1571265
Heisenberg,t_count,-4.275,54399155.43687995,143620285.7802343,306655452.25594336
Heisenberg,t_count,-4.25,53554383.819701694,143071228.10591108,306016195.5791601
Heisenberg,t_count,-4.225,52722375.3358189,142522493.49730572,305377083.39069945
Heisenberg,t_count,-4.2,51902939.06605999,141974082.81612048,304738115.96345365
Heisenberg,t_count,-4.175,51095886.921114154,141425996.92918044,304099293.5796182
Heisenberg,t_count,-4.15,50301033.59972712,140878236.70847958,303460616.53104913
Heisenberg,t_count,-4.125,49518196.54750956,140330803.0312296,302822085.1196231
Heisenberg,t_count,-4.1,48747195.91635058,139783696.77990776,302183699.6576225
Heisenberg,t_count,-4.075,47987854.52442532,139236918.84230718,301545460.4681302
Heisenberg,t_count,-4.05,47239997.81679016,138690470.11158523,300907367.8854511
Heisenberg,t_count,-4.025,46503453.82655414,138144351.48631498,300269422.2555364
Heisenberg,t_count,-4.0,45778053.13662176,137598563.87053627,299631623.9364506
Heisenberg,t_count,-3.9749999999999996,45063628.84199451,137053108.17380533,298993973.2988329
Heisenberg,t_count,-3.95,44360016.51262697,136507985.31125104,298356470.72639793
Heisenberg,t_count,-3.925,43667054.15682642,135963196.20362484,297719116.6164531
Heisenberg,t_count,-3.9,42984582.18518838,135418741.77735522,297081911.380437
Heisenberg,t_count,-3.875,42312443.37506209,134874622.96460184,296444855.44449013
Heisenberg,t_count,-3.8499999999999996,41650482.835535504,134330840.7033132,295807949.25003606
Heisenberg,t_count,-3.825,40998547.97293452,133787395.93727794,295171193.2544181
Heisenberg,t_count,-3.8,40356488.45682474,133244289.61618638,294534587.93152976
Heisenberg,t_count,-3.775,39724156.18651684,132701522.69568396,293898133.7725044
Heisenberg,t_count,-3.75,39101405.25805556,132159096.13743083,293261831.2864251
Heisenberg,t_count,-3.7249999999999996,38488091.93169793,131617010.90916209,292625681.0010639
Heisenberg,t_count,-3.7,37884074.59986394,131075267.98474495,291989683.46367055
Heisenberg,t_count,-3.675,37289213.75555882,130533868.34424059,291353839.24178565
Heisenberg,t_count,-3.65,36703371.96125435,129992812.97396551,290718148.92409974
Heisenberg,t_count,-3.625,36126413.8182299,129452102.86655346,290082613.12135786
Heisenberg,t_count,-3.5999999999999996,35558205.93635766,128911739.02101696,289447232.4672998
Heisenberg,t_count,-3.575,34998616.904332094,128371722.44281407,288812007.61965394
Heisenberg,t_count,-3.55,34447517.2603345,127832054.14391035,288176939.2611845
Heisenberg,t_count,-3.525,33904779.46312557,127292735.14284518,287542028.10077566
Heisenberg,t_count,-3.5,33370277.863560818,126753766.46479866,286907274.8745946
Heisenberg,t_count,-3.4749999999999996,32843888.676522557,126215149.14165895,286272680.34728986
Heisenberg,t_count,-3.45,32325489.95326064,125676884.21208996,285638245.31327194
Heisenberg,t_count,-3.425,31814961.55413823,125138972.72159995,285003970.5980461
Heisenberg,t_count,-3.4,31312185.1217739,124601415.72261435,284369857.0596264
Heisenberg,t_count,-3.375,30817044.054577053,124064214.2745431,283735905.5900114
Heisenberg,t_count,-3.3499999999999996,30329423.48066747,123527369.44385646,283102117.1167567
Heisenberg,t_count,-3.325,29849210.232176736,122990882.30415565,282468492.6046114
Heisenberg,t_count,-3.3,29376292.81992226,122454753.93624802,281835033.05726343
Heisenberg,t_count,-3.275,28910561.408450965,121918985.42822276,281201739.51916033
Heisenberg,t_count,-3.25,28451907.79144612,121383577.87552582,280568613.0774466
Heisenberg,t_count,-3.2249999999999996,28000225.367491487,120848532.3810383,279935654.8640053
Heisenberg,t_count,-3.2,27555409.11618755,120313850.05515528,279302866.05760247
Heisenberg,t_count,-3.175,27117355.57461463,119779532.01586452,278670247.8861717
Heisenberg,t_count,-3.15,26685962.814138252,119245579.38882723,278037801.62921
Heisenberg,t_count,-3.125,26261130.417549375,118711993.30746107,277405528.6203251
Heisenberg,t_count,-3.0999999999999996,25842759.456537507,118178774.91302297,276773430.2499266
Heisenberg,t_count,-3.075,25430752.469488405,117645925.35469182,276141507.9680714
Heisenberg,t_count,-3.05,25025013.43960395,117113445.78965683,275509763.28748006
Heisenberg,t_count,-3.025,24625447.773337517,116581337.38320166,274878197.78673273
Heisenberg,t_count,-3.0,24231962.279140726,116049601.30879453,274246813.113654
Heisenberg,t_count,-2.975,23844465.146516595,115518238.74817705,273615610.9889123
Heisenberg,t_count,-2.9499999999999997,23462865.92537424,114987250.89145418,272984593.20983016
Heisenberg,t_count,-2.925,23087075.505680446,114456638.93718739,272353761.65442944
Heisenberg,t_count,-2.9,22717006.097403478,113926404.09248763,271723118.2857424
Heisenberg,t_count,-2.875,22352571.210744344,113396547.57311039,271092665.15637714
Heisenberg,t_count,-2.85,21993685.636650883,112867070.60355142,270462404.4133851
Heisenberg,t_count,-2.8249999999999997,21640265.427610997,112337974.41714649,269832338.30344033
Heisenberg,t_count,-2.8,21292227.878718942,111809260.25616707,269202469.17835075
Heisenberg,t_count,-2.775,20949491.509011935,111280929.37192471,268572799.50093466
Heisenberg,t_count,-2.75,20611976.043071534,110752983.02487212,267943331.85128504
Heisenberg,t_count,-2.725,20279602.39288578,110225422.48470595,267314068.93345445
Heisenberg,t_count,-2.6999999999999997,19952292.639968287,109698249.03047375,266685013.58259222
Heisenberg,t_count,-2.675,19629970.01772933,109171463.95067993,266056168.77256736
Heisenberg,t_count,-2.65,19312558.894094452,108645068.5433965,265427537.6241271
Heisenberg,t_count,-2.625,18999984.754367884,108119064.11637117,264799123.41360894
Heisenberg,t_count,-2.5999999999999996,18692174.184334893,107593451.9871417,264170929.5822896
Heisenberg,t_count,-2.5749999999999997,18389054.853599522,107068233.48314817,263542959.7463833
Heisenberg,t_count,-2.55,18090555.49915429,106543409.9418502,262915217.70777574
Heisenberg,t_count,-2.525,17796605.909176745,106018982.71084379,262287707.46553594
Heisenberg,t_count,-2.5,17507136.90704916,105494953.14798205,261660433.22828066
Heisenberg,t_count,-2.4749999999999996,17222080.33559768,104971322.62149467,261033399.42746505
Heisenberg,t_count,-2.4499999999999997,16941369.041546274,104448092.51011324,260406610.73168337
Heisenberg,t_count,-2.425,16664936.860181827,103925264.20319614,259780072.06205532
Heisenberg,t_count,-2.4,16392718.600226292,103402839.10085467,259153788.6088186
Heisenberg,t_count,-2.375,16124650.028911844,102880818.61408581,258527765.84921876
Heisenberg,t_count,-2.3499999999999996,15860667.85725477,102359204.16490011,257902009.5668201
Heisenberg,t_count,-2.3249999999999997,15600709.725524705,101837997.18645784,257276525.87237844
Heisenberg,t_count,-2.3,15344714.188904453,101317199.12320517,256651321.22641
Heisenberg,t_count,-2.275,15092620.703336406,100796811.43101153,256026402.4636373
Heisenberg,t_count,-2.25,14844369.611552602,100276835.57730958,255401776.81947237
Heisenberg,t_count,-2.2249999999999996,14599902.129282081,99757273.04124118,254777451.95875624
Heisenberg,t_count,-2.1999999999999997,14359160.331634318,99238125.31379889,254153436.0069711
Heisenberg,t_count,-2.175,14122087.139651496,98719393.89797647,253529737.58417454
Heisenberg,t_count,-2.15,13888626.30702811,98201080.30891924,252906365.84195215
Heisenberg,t_count,-2.125,13658722.406991674,97683186.07407525,252283330.50366834
Heisenberg,t_count,-2.0999999999999996,13432320.819341376,97165712.73335159,251660641.90840358
Heisenberg,t_count,-2.0749999999999997,13209367.717639666,96648661.83927406,251038311.05894735
Heisenberg,t_count,-2.05,12989810.056552758,96132034.9571456,250416349.67430362
Heisenberg,t_count,-2.025,12773595.559334928,95615833.6652128,249794770.2471961
Heisenberg,t_count,-2.0,12560672.70545267,95100059.55482955,249173586.1071456
Heisenberg,t_count,-1.9749999999999996,12350990.718343278,94584714.23062871,248552811.48975766
Heisenberg,t_count,-1.9499999999999997,12144499.553303402,94069799.3106942,247932461.6129243
Heisenberg,t_count,-1.9249999999999998,11941149.88550229,93555316.42673594,247312552.76078615
Heisenberg,t_count,-1.9,11740893.098114893,93041267.22426899,246693102.3763541
Heisenberg,t_count,-1.875,11543681.27056892,92527653.3627956,246074129.16386887
Heisenberg,t_count,-1.8499999999999996,11349467.166901007,92014476.51598935,245455653.20211074
Heisenberg,t_count,-1.8249999999999997,11158204.224215737,91501738.37188473,244837696.07002628
Heisenberg,t_count,-1.7999999999999998,10969846.541241607,90989440.63306898,244220280.9862735
Heisenberg,t_count,-1.775,10784348.866978226,90477585.01687618,243603432.96450734
Heisenberg,t_count,-1.75,10601666.589427497,89966173.25558816,242987178.9865092
Heisenberg,t_count,-1.7249999999999996,10421755.724402446,89455207.09663425,242371548.19558498
Heisenberg,t_count,-1.6999999999999997,10244572.904406697,88944688.30280119,241756572.1130622
Heisenberg,t_count,-1.6749999999999998,10070075.36757647,88434618.6524403,241142284.8811321
Heisenberg,t_count,-1.65,9898220.946677852,87924999.93968304,240528723.53588012
Heisenberg,t_count,-1.625,9728968.058150578,87415833.97465836,239915928.31492427
Heisenberg,t_count,-1.5999999999999996,9562275.691189308,86907122.58371495,239303943.00490987
Heisenberg,t_count,-1.5749999999999997,9398103.396853322,86398867.609649,238692815.33496907
Heisenberg,t_count,-1.5499999999999998,9236411.277194388,85891070.91193269,238082597.42341125
Heisenberg,t_count,-1.525,9077159.974391863,85383734.36695032,237473346.286196
Heisenberg,t_count,-1.5,8920310.659883864,84876859.86823803,236865124.41737795
Heisenberg,t_count,-1.4749999999999996,8765825.023481842,84370449.32672843,236258000.4536789
Heisenberg,t_count,-1.4499999999999997,8613665.26245547,83864504.6709977,235652049.93771526
Heisenberg,t_count,-1.4249999999999998,8463794.070573552,83359027.8475217,235047356.1973805
Heisenberg,t_count,-1.4,8316174.627085288,82854020.82093328,234444011.36250538
Heisenberg,t_count,-1.375,8170770.585625499,82349485.57428664,233842117.54440418
Heisenberg,t_count,-1.3499999999999996,8027546.063025341,81845424.10932639,233241788.20955953
Heisenberg,t_count,-1.3249999999999997,7886465.628008974,81341838.44676137,232643149.78570238
Heisenberg,t_count,-1.2999999999999998,7747494.289754747,80838730.62654564,232046343.54740316
Heisenberg,t_count,-1.275,7610597.486297263,80336102.70816326,231451527.83958933
Heisenberg,t_count,-1.25,7475741.072744881,79833956.77092002,230858880.71166414
Heisenberg,t_count,-1.2249999999999996,7342891.309284484,79332294.91424045,230268603.05343482
Heisenberg,t_count,-1.1999999999999997,7212014.84894249,78831119.25797102,229680922.34787744
Heisenberg,t_count,-1.1749999999999998,7083078.725068508,78330431.94268987,229096097.1869688
Heisenberg,t_count,-1.15,6956050.338503708,77830235.13002273,228514422.73773566
Heisenberg,t_count,-1.125,6830897.444393034,77330531.00296569,227936237.4000936
Heisenberg,t_count,-1.0999999999999996,6707588.138594915,76831321.76621376,227361930.9707791
Heisenberg,t_count,-1.0749999999999997,6586090.843638198,76332609.64649682,226791954.72615188
Heisenberg,t_count,-1.0499999999999998,6466374.294169203,75834396.89292462,226226833.9711047
Heisenberg,t_count,-1.025,6348407.521826447,75336685.7773349,225667183.78726667
Heisenberg,t_count,-1.0,6232159.839472444,74839478.59465326,225113728.9737558
