model,metric,log10_epsilon,Trotter_fit,MPF_fit,QSVT_fit
TFIM,cnot_count,-5.0,1791361.406158622,238368789.57733658,20468112.646000754
TFIM,cnot_count,-4.975,1765770.456318223,236599333.4555955,20468270.208579898
TFIM,cnot_count,-4.95,1740545.111688481,234837747.8393749,20468427.875870977
TFIM,cnot_count,-4.925,1715680.1489510392,233084021.27813137,20468585.647853993
TFIM,cnot_count,-4.9,1691170.419413251,231338142.30350074,20468743.52449659
TFIM,cnot_count,-4.875,1667010.8479419323,229600099.42921698,20468901.50575354
TFIM,cnot_count,-4.85,1643196.4319124625,227869881.15103054,20469059.59156645
TFIM,cnot_count,-4.825,1619722.2401728053,226147475.94662282,20469217.78186282
TFIM,cnot_count,-4.8,1596583.4120223979,224432872.27552375,20469376.076555904
TFIM,cnot_count,-4.775,1573775.1562055852,222726058.57902798,20469534.475543886
TFIM,cnot_count,-4.75,1551292.7499194702,221027023.2801098,20469692.978709396
TFIM,cnot_count,-4.725,1529131.5378359007,219335754.78333881,20469851.58591877
TFIM,cnot_count,-4.7,1507286.9311374698,217652241.4747898,20470010.29702161
TFIM,cnot_count,-4.675,1485754.4065672623,215976471.7219611,20470169.111849926
TFIM,cnot_count,-4.65,1464529.5054921866,214308433.87368298,20470328.030217532
TFIM,cnot_count,-4.625,1443607.8329796814,212648116.26002955,20470487.05191912
TFIM,cnot_count,-4.6,1422985.056887635,210995507.1922323,20470646.17672995
TFIM,cnot_count,-4.575,1402656.9069672772,209350594.96259066,20470805.40440463
TFIM,cnot_count,-4.55,1382619.173978917,207713367.84437668,20470964.734676376
TFIM,cnot_count,-4.525,1362867.7088202885,206083814.09175026,20471124.16725643
TFIM,cnot_count,-4.5,1343398.4216673765,204461921.93966192,20471283.70183284
TFIM,cnot_count,-4.475,1324207.2811274894,202847679.60376462,20471443.338069696
TFIM,cnot_count,-4.45,1305290.3134044586,201241075.28031686,20471603.07560615
TFIM,cnot_count,-4.425,1286643.6014757492,199642097.1460928,20471762.914055374
TFIM,cnot_count,-4.4,1268263.2842813244,198050733.3582828,20471922.853003692
TFIM,cnot_count,-4.375,1250145.5559241234,196466972.05440095,20472082.89200905
TFIM,cnot_count,-4.35,1232286.6648819244,194890801.35218623,20472243.030600507
TFIM,cnot_count,-4.325,1214682.9132305053,193322209.34950978,20472403.268276494
TFIM,cnot_count,-4.3,1197330.6558778775,191761184.12427133,20472563.604503777
TFIM,cnot_count,-4.275,1180226.2998094691,190207713.7343042,20472724.038716383
TFIM,cnot_count,-4.25,1163366.3033441035,188661786.21727625,20472884.570313856
TFIM,cnot_count,-4.225,1146747.1754005838,187123389.59058517,20473045.19866021
TFIM,cnot_count,-4.2,1130365.4747747795,185592511.85126248,20473205.923082065
TFIM,cnot_count,-4.175,1114217.8094270264,184069140.97586775,20473366.742867686
TFIM,cnot_count,-4.15,1098300.8357797163,182553264.9203885,20473527.65726488
TFIM,cnot_count,-4.125,1082611.25802492,181044871.62013373,20473688.665479388
TFIM,cnot_count,-4.1,1067145.8274418986,179543948.98963085,20473849.766673565
TFIM,cnot_count,-4.075,1051901.341724368,178050484.9225203,20474010.959964007
TFIM,cnot_count,-4.05,1036874.6443173819,176564467.29144892,20474172.244419914
TFIM,cnot_count,-4.025,1022062.6237636773,175085883.94796205,20474333.619061146
TFIM,cnot_count,-4.0,1007462.2130593673,173614722.7223948,20474495.08285604
TFIM,cnot_count,-3.9749999999999996,993070.3890188343,172150971.42376536,20474656.634719357
TFIM,cnot_count,-3.95,978884.1716487092,170694617.83966294,20474818.273509745
TFIM,cnot_count,-3.925,964900.6235307743,169245649.73613727,20474979.998027615
TFIM,cnot_count,-3.9,951116.8492136998,167804054.85758665,20475141.80701254
TFIM,cnot_count,-3.875,937529.9946134605,166369820.92664412,20475303.69914069
TFIM,cnot_count,-3.8499999999999996,924137.2464223315,164942935.64406434,20475465.673021924
TFIM,cnot_count,-3.825,910935.831526317,163523386.68861073,20475627.727197174
TFIM,cnot_count,-3.8,897923.0164309031,162111161.7169344,20475789.860135373
TFIM,cnot_count,-3.775,885096.10669502,160706248.3634615,20475952.070230126
TFIM,cnot_count,-3.75,872452.4463730891,159308634.2402752,20476114.355796635
TFIM,cnot_count,-3.7249999999999996,859989.4174650423,157918306.9369933,20476276.715068065
TFIM,cnot_count,-3.7,847704.4393742019,156535254.02065188,20476439.146191973
TFIM,cnot_count,-3.675,835594.9683728989,155159463.03558198,20476601.647226673
TFIM,cnot_count,-3.65,823658.4970757281,153790921.5032874,20476764.21613686
TFIM,cnot_count,-3.625,811892.5539203441,152429616.92232263,20476926.850789692
TFIM,cnot_count,-3.5999999999999996,800294.7026556478,151075536.7681673,20477089.548950396
TFIM,cnot_count,-3.575,788862.5418373132,149728668.49310112,20477252.308277413
TFIM,cnot_count,-3.55,777593.7043305027,148388999.5260773,20477415.126317587
TFIM,cnot_count,-3.525,766485.8568196965,147056517.27259433,20477578.00050135
TFIM,cnot_count,-3.5,755536.699325525,145731209.11456677,20477740.92813668
TFIM,cnot_count,-3.4749999999999996,744743.9647284964,144413062.4101953,20477903.906404242
TFIM,cnot_count,-3.45,734105.4182995495,143102064.49383643,20478066.932350583
TFIM,cnot_count,-3.425,723618.8572372831,141798202.67586774,20478230.00288248
TFIM,cnot_count,-3.4,713282.1102118286,140501464.24255538,20478393.114760086
TFIM,cnot_count,-3.375,703093.0369152159,139211836.45591882,20478556.264589865
TFIM,cnot_count,-3.3499999999999996,693049.5276181826,137929306.5535944,20478719.448817234
TFIM,cnot_count,-3.325,683149.5027332945,136653861.74869847,20478882.663719073
TFIM,cnot_count,-3.3,673390.9123843337,135385489.22968638,20479045.905395202
TFIM,cnot_count,-3.275,663771.7359818136,134124176.16021475,20479209.169759855
TFIM,cnot_count,-3.25,654289.9818045793,132869909.67899759,20479372.45253258
TFIM,cnot_count,-3.2249999999999996,644943.6865873741,131622676.8996665,20479535.749228787
TFIM,cnot_count,-3.2,635730.9151143043,130382464.91062227,20479699.05514902
TFIM,cnot_count,-3.175,626649.7598181093,129149260.77489288,20479862.36536878
TFIM,cnot_count,-3.15,617698.3403851632,127923051.52998517,20480025.6747268
TFIM,cnot_count,-3.125,608874.8033661119,126703824.18773517,20480188.977813095
TFIM,cnot_count,-3.0999999999999996,600177.3217920837,125491565.73415975,20480352.26895615
TFIM,cnot_count,-3.075,591604.0947963715,124286263.12930448,20480515.542209525
TFIM,cnot_count,-3.05,583153.3472415364,123087903.30709243,20480678.79133721
TFIM,cnot_count,-3.025,574823.3293518217,121896473.17516637,20480842.009798862
TFIM,cnot_count,-3.0,566612.3163508326,120711959.61473618,20481005.190733537
TFIM,cnot_count,-2.975,558518.6081043892,119534349.48042028,20481168.326942317
TFIM,cnot_count,-2.9499999999999997,550540.5287684813,118363629.60008635,20481331.41087052
TFIM,cnot_count,-2.925,542676.4264422539,117199786.77469084,20481494.43458841
TFIM,cnot_count,-2.9,534924.6728259538,116042807.77811752,20481657.38977024
TFIM,cnot_count,-2.875,527283.6628837609,114892679.35701354,20481820.26767311
TFIM,cnot_count,-2.85,519751.8145114399,113749388.23062193,20481983.05911317
TFIM,cnot_count,-2.8249999999999997,512327.5682087366,112612921.0906186,20482145.754441235
TFIM,cnot_count,-2.8,505009.3867564645,111483264.6009398,20482308.3435164
TFIM,cnot_count,-2.775,497795.75489819795,110360405.39761323,20482470.8156778
TFIM,cnot_count,-2.75,490685.1790265154,109244330.08858515,20482633.159714915
TFIM,cnot_count,-2.725,483676.18687372695,108135025.25354804,20482795.363835506
TFIM,cnot_count,-2.6999999999999997,476767.3272070259,107032477.4437611,20482957.415631335
TFIM,cnot_count,-2.675,469957.16952799034,105936673.18187702,20483119.30204181
TFIM,cnot_count,-2.65,463244.30377637956,104847598.96175985,20483281.009315055
TFIM,cnot_count,-2.625,456627.3400381722,103765241.24830316,20483442.52296587
TFIM,cnot_count,-2.5999999999999996,450104.9082577642,102689586.4772485,20483603.827731032
TFIM,cnot_count,-2.5749999999999997,443675.65795429185,101620621.05499902,20483764.9075216
TFIM,cnot_count,-2.55,437338.2579419995,100558331.35843277,20483925.74537107
TFIM,cnot_count,-2.525,431091.39605461137,99502703.73471324,20484086.323380463
TFIM,cnot_count,-2.5,424933.7788736376,98453724.50109884,20484246.622658767
TFIM,cnot_count,-2.4749999999999996,418864.13146056805,97411379.94474745,20484406.623259302
TFIM,cnot_count,-2.4499999999999997,412881.1970928892,96375656.32252452,20484566.304110814
TFIM,cnot_count,-2.425,406983.73700388166,95346539.8608027,20484725.642944034
TFIM,cnot_count,-2.4,401170.53012612776,94324016.75526388,20484884.616211258
TFIM,cnot_count,-2.375,395440.3728386927,93308073.17069635,20485043.199001025
TFIM,cnot_count,-2.3499999999999996,389792.07871791784,92298695.24079174,20485201.364944916
TFIM,cnot_count,-2.3249999999999997,384224.4782917769,91295869.0679384,20485359.086117193
TFIM,cnot_count,-2.3,378736.41879774537,90299580.72301269,20485516.332926326
TFIM,cnot_count,-2.275,373326.7639441254,89309816.24516876,20485673.0739976
TFIM,cnot_count,-2.25,367994.39367479424,88326561.64162357,20485829.27604504
TFIM,cnot_count,-2.2249999999999996,362738.2039373066,87349802.88744491,20485984.903733727
TFIM,cnot_count,-2.1999999999999997,357557.10645431955,86379525.92532964,20486139.919529263
TFIM,cnot_count,-2.175,352450.02849828126,85415716.66538513,20486294.283534408
TFIM,cnot_count,-2.15,347415.9126693484,84458360.9849067,20486447.953311026
TFIM,cnot_count,-2.125,342453.7166764721,83507444.72815008,20486600.883686196
TFIM,cnot_count,-2.0999999999999996,337562.4131216235,82562953.7061059,20486753.02654083
TFIM,cnot_count,-2.0749999999999997,332740.9892870975,81624873.69626738,20486904.33057812
TFIM,cnot_count,-2.05,327988.4469258694,80693190.44239694,20487054.741070524
TFIM,cnot_count,-2.025,323303.8020549423,79767889.65429081,20487204.199582938
TFIM,cnot_count,-2.0,318686.084751655,78848957.00754021,20487352.64366811
TFIM,cnot_count,-1.9749999999999996,314134.3389529079,77936378.14328837,20487500.00653324
TFIM,cnot_count,-1.9499999999999997,309647.6222572586,77030138.66798857,20487646.21667214
TFIM,cnot_count,-1.9249999999999998,305225.00572985224,76130224.1531539,20487791.197460774
TFIM,cnot_count,-1.9,300865.57371014374,75236620.1351088,20487934.86671049
TFIM,cnot_count,-1.875,296568.4236223774,74349312.11473511,20488077.13617437
TFIM,cnot_count,-1.8499999999999996,292332.665788776,73468285.55721614,20488217.911001086
TFIM,cnot_count,-1.8249999999999997,288157.4232454097,72593525.89177649,20488357.08912899
TFIM,cnot_count,-1.7999999999999998,284041.8315607004,71725018.5114201,20488494.560613144
TFIM,cnot_count,-1.775,279985.0386565314,70862748.77266489,20488630.206876714
TFIM,cnot_count,-1.75,275986.20463191887,70006701.99527156,20488763.899875876
TFIM,cnot_count,-1.7249999999999996,272044.5015892119,69156863.46197398,20488895.5011673
TFIM,cnot_count,-1.6999999999999997,268159.1134627874,68313218.41820225,20489024.860864505
TFIM,cnot_count,-1.6749999999999998,264329.2358502029,67475752.07180326,20489151.81646675
TFIM,cnot_count,-1.65,260554.0758457711,66644449.59275809,20489276.191542774
TFIM,cnot_count,-1.625,256832.85187652998,65819296.1128966,20489397.794247758
TFIM,cnot_count,-1.5999999999999996,253164.7935405623,65000276.72560706,20489516.415648434
TFIM,cnot_count,-1.5749999999999997,249549.1414476468,64187376.48554298,20489631.827826597
TFIM,cnot_count,-1.5499999999999998,245985.14706219634,63380580.40832555,20489743.781726662
TFIM,cnot_count,-1.525,242472.0725484598,62579873.47024328,20489852.004705507
TFIM,cnot_count,-1.5,239009.1906179505,61785240.60794628,20489956.197736315
TFIM,cnot_count,-1.4749999999999996,235595.784379078,60996666.71813817,20490056.032207653
TFIM,cnot_count,-1.4499999999999997,232231.1471889445,60214136.657262996,20490151.146248076
TFIM,cnot_count,-1.4249999999999998,228914.58250728468,59437635.24118877,20490241.140492167
TFIM,cnot_count,-1.4,225645.4037525138,58667147.24488565,20490325.573187336
TFIM,cnot_count,-1.375,222422.93415986327,57902657.40210079,20490403.954517674
TFIM,cnot_count,-1.3499999999999996,219246.50664156533,57144150.4050299,20490475.739995543
TFIM,cnot_count,-1.3249999999999997,216115.4636490721,56391610.903981246,20490540.322738133
TFIM,cnot_count,-1.2999999999999998,213029.15703727322,55645023.50703876,20490597.024402354
TFIM,cnot_count,-1.275,209986.94793069232,54904372.779718466,20490645.084499307
TFIM,cnot_count,-1.25,206988.2065916327,54169643.24462044,20490683.647740796
TFIM,cnot_count,-1.2249999999999996,204032.31229025175,53440819.38107725,20490711.748981427
TFIM,cnot_count,-1.1999999999999997,201118.65317654036,52717885.62479562,20490728.295207366
TFIM,cnot_count,-1.1749999999999998,198246.62615417896,52000826.367495075,20490732.043873835
TFIM,cnot_count,-1.15,195415.63675625678,51289625.956540056,20490721.57669802
TFIM,cnot_count,-1.125,192625.09902282676,50584268.69456803,20490695.267756995
TFIM,cnot_count,-1.0999999999999996,189874.4353802763,49884738.8391122,20490651.244393844
TFIM,cnot_count,-1.0749999999999997,187163.07652250136,49191020.6022178,20490587.33896697
TFIM,cnot_count,-1.0499999999999998,184490.46129385429,48503098.15005476,20490501.02884358
TFIM,cnot_count,-1.025,181856.0365738585,47820955.60252294,20490389.361154124
TFIM,cnot_count,-1.0,179259.2571636694,47144577.0328535,20490248.857598215
TFIM,t_count,-5.0,222036255.41814756,23116529441.943764,155003562.17168465
TFIM,t_count,-4.975,218533263.2742109,22903886046.84039,155001639.09709576
TFIM,t_count,-4.95,215084030.8895796,22692567748.386024,154999714.78318313
TFIM,t_count,-4.925,211687743.86364868,22482570244.675045,154997789.23026717
TFIM,t_count,-4.9,208343600.01271322,22273889234.84905,154995862.43881807
TFIM,t_count,-4.875,205050809.18778703,22066520419.099983,154993934.4094636
TFIM,t_count,-4.85,201808593.09512272,21860459498.67249,154992005.14299446
TFIM,t_count,-4.825,198616185.11939037,21655702175.86732,154990074.6403693
TFIM,t_count,-4.8,195472830.1494834,21452244154.044044,154988142.9027235
TFIM,t_count,-4.775,192377784.40690234,21250081137.624237,154986209.93137628
TFIM,t_count,-4.75,189330315.27668396,21049208832.094242,154984275.72783577
TFIM,t_count,-4.725,186329701.14083686,20849622944.008278,154982340.29380825
TFIM,t_count,-4.7,183375231.21425134,20651319180.991474,154980403.6312053
TFIM,t_count,-4.675,180466205.3830352,20454293251.743073,154978465.7421537
TFIM,t_count,-4.65,177601934.0452534,20258540866.03927,154976526.6289999
TFIM,t_count,-4.625,174781737.95402345,20064057734.736286,154974586.29432473
TFIM,t_count,-4.6,172004948.06294376,19870839569.77375,154972644.7409463
TFIM,t_count,-4.575,169270905.3738104,19678882084.177387,154970701.97193474
TFIM,t_count,-4.55,166578960.78659043,19488180992.062614,154968757.99061933
TFIM,t_count,-4.525,163928474.95162708,19298732008.637478,154966812.80059907
TFIM,t_count,-4.5,161318818.1240304,19110530850.20574,154964866.4057546
TFIM,t_count,-4.475,158749370.020228,18923573234.17035,154962918.8102588
TFIM,t_count,-4.45,156219519.6766485,18737854879.036312,154960970.0185893
TFIM,t_count,-4.425,153728665.31049564,18553371504.414246,154959020.0355385
TFIM,t_count,-4.4,151276214.18258798,18370118831.023487,154957068.8662283
TFIM,t_count,-4.375,148861582.46223617,18188092580.695217,154955116.51612395
TFIM,t_count,-4.35,146484195.0941209,18007288476.376297,154953162.99104598
TFIM,t_count,-4.325,144143485.6671477,17827702242.131954,154951208.29718527
TFIM,t_count,-4.3,141838896.28524476,17649329603.149384,154949252.44111818
TFIM,t_count,-4.275,139569877.44007757,17472166285.741245,154947295.4298227
TFIM,t_count,-4.25,137335887.88565493,17296208017.34872,154945337.27069488
TFIM,t_count,-4.225,135136394.51478887,17121450526.545282,154943377.97156408
TFIM,t_count,-4.2,132970872.2373907,16947889543.039963,154941417.54071465
TFIM,t_count,-4.175,130838803.86057203,16775520797.680782,154939455.9868989
TFIM,t_count,-4.15,128739679.97052321,16604340022.457891,154937493.31936252
TFIM,t_count,-4.125,126672998.81614268,16434342950.5079,154935529.54786104
TFIM,t_count,-4.1,124638266.19439344,16265525316.116463,154933564.68268168
TFIM,t_count,-4.075,122634995.33736078,16097882854.722427,154931598.73466668
TFIM,t_count,-4.05,120662706.8009821,15931411302.921196,154929631.7152356
TFIM,t_count,-4.025,118720928.3554274,15766106398.46821,154927663.63640967
TFIM,t_count,-4.0,116809194.87710828,15601963880.282595,154925694.5108364
TFIM,t_count,-3.9749999999999996,114927048.24228433,15438979488.451155,154923724.3518182
TFIM,t_count,-3.95,113074037.22224805,15277148964.231302,154921753.17333713
TFIM,t_count,-3.925,111249717.3800657,15116468050.05543,154919780.9900868
TFIM,t_count,-3.9,109453650.96884672,14956932489.534134,154917807.8175008
TFIM,t_count,-3.875,107685406.83152086,14798538027.460215,154915833.67178532
TFIM,t_count,-3.8499999999999996,105944560.30210297,14641280409.812344,154913858.56995147
TFIM,t_count,-3.825,104230693.10842074,14485155383.758736,154911882.52985206
TFIM,t_count,-3.8,102543393.27627997,14330158697.661121,154909905.57021573
TFIM,t_count,-3.775,100882255.03505757,14176286101.078468,154907927.71068764
TFIM,t_count,-3.75,99246878.72468431,14023533344.770817,154905948.97186732
TFIM,t_count,-3.7249999999999996,97636870.70401478,13871896180.703138,154903969.37535325
TFIM,t_count,-3.7,96051843.26054375,13721370362.049494,154901988.94378448
TFIM,t_count,-3.675,94491414.52147375,13571951643.196423,154900007.70088923
TFIM,t_count,-3.65,92955208.36608277,13423635779.747545,154898025.67153192
TFIM,t_count,-3.625,91442854.33940582,13276418528.527008,154896042.88176602
TFIM,t_count,-3.5999999999999996,89953987.56718087,13130295647.583761,154894059.35888517
TFIM,t_count,-3.575,88488248.67206174,12985262896.195614,154892075.1314825
TFIM,t_count,-3.55,87045283.69106747,12841316034.873186,154890090.22950834
TFIM,t_count,-3.525,85624743.99425317,12698450825.36398,154888104.6843328
TFIM,t_count,-3.5,84226286.20458491,12556663030.656681,154886118.52881068
TFIM,t_count,-3.4749999999999996,82849572.11899583,12415948414.985062,154884131.7973518
TFIM,t_count,-3.45,81494268.63061394,12276302743.832401,154882144.5259941
TFIM,t_count,-3.425,80160047.65213548,12137721783.935497,154880156.75247717
TFIM,t_count,-3.4,78846586.04033065,12000201303.289032,154878168.51632696
TFIM,t_count,-3.375,77553565.5216656,11863737071.14978,154876179.85893604
TFIM,t_count,-3.3499999999999996,76280672.61902182,11728324858.040955,154874190.82365796
TFIM,t_count,-3.325,75027598.57949448,11593960435.756468,154872201.4558986
TFIM,t_count,-3.3,73794039.30325897,11460639577.36534,154870211.8032151
TFIM,t_count,-3.275,72579695.2734848,11328358057.216066,154868221.9154244
TFIM,t_count,-3.25,71384271.48728012,11197111650.941,154866231.84471083
TFIM,t_count,-3.2249999999999996,70207477.38765657,11066896135.461021,154864241.64574543
TFIM,t_count,-3.2,69049026.7964936,10937707288.989697,154862251.3758088
TFIM,t_count,-3.175,67908637.8484887,10809540891.038042,154860261.09492227
TFIM,t_count,-3.15,66786032.92607907,10682392722.419022,154858270.86598644
TFIM,t_count,-3.125,65680938.59531987,10556258565.25195,154856280.75492945
TFIM,t_count,-3.0999999999999996,64593085.54270253,10431134202.96755,154854290.83085877
TFIM,t_count,-3.075,63522208.51290025,10307015420.312063,154852301.16622865
TFIM,t_count,-3.05,62468046.24742738,10183898003.35235,154850311.83701217
TFIM,t_count,-3.025,61430341.42419358,10061777739.480507,154848322.92288804
TFIM,t_count,-3.0,60408840.59794641,9940650417.418505,154846334.50743514
TFIM,t_count,-2.975,59403294.14158112,9820511827.223059,154844346.67834014
TFIM,t_count,-2.9499999999999997,58413456.18830846,9701357760.290545,154842359.52762014
TFIM,t_count,-2.925,57439084.574666634,9583184009.361774,154840373.15185443
TFIM,t_count,-2.9,56479940.784360535,9465986368.526903,154838387.6524379
TFIM,t_count,-2.875,55535789.89292147,9349760633.230383,154836403.13584083
TFIM,t_count,-2.85,54606400.51316723,9234502600.27602,154834419.71389633
TFIM,t_count,-2.8249999999999997,53691544.74145582,9120208067.831865,154832437.50409815
TFIM,t_count,-2.8,52790998.10471513,9006872835.435406,154830456.62992096
TFIM,t_count,-2.775,51904539.50824015,8894492703.998468,154828477.2211627
TFIM,t_count,-2.75,51031951.18424144,8783063475.812622,154826499.41430888
TFIM,t_count,-2.725,50173018.641136415,8672580954.554144,154824523.35291994
TFIM,t_count,-2.6999999999999997,49327530.61356725,8563040945.289288,154822549.1880466
TFIM,t_count,-2.675,48495279.01313744,8454439254.479704,154820577.07867724
TFIM,t_count,-2.65,47676058.87985029,8346771689.987419,154818607.192207
TFIM,t_count,-2.625,46869668.33424221,8240034061.080478,154816639.70495
TFIM,t_count,-2.5999999999999996,46075908.530196294,8134222178.438167,154814674.80268264
TFIM,t_count,-2.5749999999999997,45294583.60842393,8029331854.156585,154812712.6812262
TFIM,t_count,-2.55,44525500.65060553,7925358901.753894,154810753.54707357
TFIM,t_count,-2.525,43768469.63417598,7822299136.176057,154808797.6180593
TFIM,t_count,-2.5,43023303.38774537,7720148373.802313,154806845.12408412
TFIM,t_count,-2.4749999999999996,42289817.54714285,7618902432.45074,154804896.3078882
TFIM,t_count,-2.4499999999999997,41567830.51207108,7518557131.384027,154802951.4258879
TFIM,t_count,-2.425,40857163.40336306,7419108291.31502,154801010.74907318
TFIM,t_count,-2.4,40157640.02082609,7320551734.412611,154799074.56397894
TFIM,t_count,-2.375,39469086.8016654,7222883284.307494,154797143.17372972
TFIM,t_count,-2.3499999999999996,38791332.77947303,7126098766.097881,154795216.89916983
TFIM,t_count,-2.3249999999999997,38124209.543773346,7030194006.355667,154793296.08008173
TFIM,t_count,-2.3,37467551.20011224,6935164833.132103,154791381.07650903
TFIM,t_count,-2.275,36821194.33067862,6841007075.963922,154789472.2701864
TFIM,t_count,-2.25,36184977.955449365,6747716565.879383,154787570.06608793
TFIM,t_count,-2.2249999999999996,35558743.49384271,6655289135.404328,154785674.89411145
TFIM,t_count,-2.1999999999999997,34942334.72687247,6563720618.56835,154783787.21090493
TFIM,t_count,-2.175,34335597.75978791,6473006850.91099,154781907.50185573
TFIM,t_count,-2.15,33738380.98519121,6383143669.487973,154780036.28325248
TFIM,t_count,-2.125,33150535.046618495,6294126912.877598,154778174.10464495
TFIM,t_count,-2.0999999999999996,32571912.8025733,6205952421.186964,154776321.5514194
TFIM,t_count,-2.0749999999999997,32002369.29100145,6118616036.058515,154774479.24760965
TFIM,t_count,-2.05,31441761.69419311,6032113600.676423,154772647.85897446
TFIM,t_count,-2.025,30889949.30410236,5946440959.773242,154770828.09637168
TFIM,t_count,-2.0,30346793.488069486,5861593959.63635,154769020.71945325
TFIM,t_count,-1.9749999999999996,29812157.65493448,5777568448.114679,154767226.54072854
TFIM,t_count,-1.9499999999999997,29285907.22152842,5694360274.625492,154765446.4300352
TFIM,t_count,-1.9249999999999998,28767909.579528764,5611965290.160999,154763681.31946176
TFIM,t_count,-1.9,28258034.06266577,5530379347.295305,154761932.20877904
TFIM,t_count,-1.875,27756151.914265044,5449598300.191278,154760200.17144713
TFIM,t_count,-1.8499999999999996,27262136.255111754,5369618004.607473,154758486.36125937
TFIM,t_count,-1.8249999999999997,26775862.05162234,5290434317.905216,154756792.0197133
TFIM,t_count,-1.7999999999999998,26297206.084306322,5212043099.055634,154755118.48419827
TFIM,t_count,-1.775,25826046.916503858,5134440208.646783,154753467.1971019
TFIM,t_count,-1.75,25362264.863380663,5057621508.891001,154751839.71596935
TFIM,t_count,-1.7249999999999996,24905741.961163446,4981582863.632039,154750237.72484928
TFIM,t_count,-1.6999999999999997,24456361.93659707,4906320138.352473,154748663.04699293
TFIM,t_count,-1.6749999999999998,24014010.17660429,4831829200.181185,154747117.65910077
TFIM,t_count,-1.65,23578573.698127553,4758105917.900741,154745603.70733786
TFIM,t_count,-1.625,23149941.118131164,4685146161.955068,154744123.52538115
TFIM,t_count,-1.5999999999999996,22728002.623741407,4612945804.457053,154742679.65479523
TFIM,t_count,-1.5749999999999997,22312649.942500696,4541500719.196235,154741274.8681138
TFIM,t_count,-1.5499999999999998,21903776.31270964,4470806781.646586,154739912.19503003
TFIM,t_count,-1.525,21501276.45383083,4400859868.974437,154738594.95221037
TFIM,t_count,-1.5,21105046.536923762,4331655860.046353,154737326.7773255
TFIM,t_count,-1.4749999999999996,20714984.15508172,4263190635.4371886,154736111.66800463
TFIM,t_count,-1.4499999999999997,20330988.293836135,4195460077.4381537,154734954.02656502
TFIM,t_count,-1.4249999999999998,19952959.301492598,4128460070.065032,154733858.7115423
TFIM,t_count,-1.4,19580798.85936084,4062186499.066429,154732831.09725106
TFIM,t_count,-1.375,19214409.951836668,3996635251.9320736,154731877.142871
TFIM,t_count,-1.3499999999999996,18853696.83629015,3931802217.9013357,154731003.4728848
TFIM,t_count,-1.3249999999999997,18498565.012712844,3867683287.971616,154730217.47110426
TFIM,t_count,-1.2999999999999998,18148921.193069637,3804274354.907054,154729527.39101836
TFIM,t_count,-1.275,17804673.270297974,3741571313.247171,154728942.48588586
TFIM,t_count,-1.25,17465730.286891468,3679570059.315677,154728473.16279256
TFIM,t_count,-1.2249999999999996,17132002.402999222,3618266491.2292404,154728131.16599405
TFIM,t_count,-1.1999999999999997,16803400.86396495,3557656508.906629,154727929.79622918
TFIM,t_count,-1.1749999999999998,16479837.967222802,3497736014.0775766,154727884.1745205
TFIM,t_count,-1.15,16161227.028459087,3438500910.292093,154728011.56132847
TFIM,t_count,-1.125,15847482.346939158,3379947102.9295626,154728331.74510258
TFIM,t_count,-1.0999999999999996,15538519.169887675,3322070499.2082367,154728867.51846552
TFIM,t_count,-1.0749999999999997,15234253.655799558,3264867008.194578,154729645.26597187
TFIM,t_count,-1.0499999999999998,14934602.83654445,3208332540.812877,154730695.6951634
TFIM,t_count,-1.025,14639484.57811343,3152463009.854831,154732054.753361
TFIM,t_count,-1.0,14348817.539837027,3097254329.98938,154733764.78765178
Heisenberg,cnot_count,-5.0,6979039.147371999,3102406442.401788,37043138.21626799
Heisenberg,cnot_count,-4.975,6879335.600152612,3076048897.596929,37038833.36774532
Heisenberg,cnot_count,-4.95,6781056.494363808,3049837924.7730737,37034526.162361905
Heisenberg,cnot_count,-4.925,6684181.479022843,3023773141.591191,37030216.6016089
Heisenberg,cnot_count,-4.9,6588690.493905736,2997854165.574031,37025904.68731335
Heisenberg,cnot_count,-4.875,6494563.765392828,2972080614.1057177,37021590.421653755
Heisenberg,cnot_count,-4.85,6401781.802374191,2946452104.431257,37017273.80717197
Heisenberg,cnot_count,-4.825,6310325.392213252,2920968253.6560454,37012954.84678825
Heisenberg,cnot_count,-4.8,6220175.596768171,2895628678.745438,37008633.54381653
Heisenberg,cnot_count,-4.775,6131313.74847003,2870432996.524251,37004309.90197841
Heisenberg,cnot_count,-4.75,6043721.446457179,2845380823.6763186,36999983.925420776
Heisenberg,cnot_count,-4.725,5957380.552764607,2820471776.7439384,36995655.61873184
Heisenberg,cnot_count,-4.7,5872273.18856793,2795705472.127473,36991324.986958005
Heisenberg,cnot_count,-4.675,5788381.730480959,2771081526.0847926,36986992.03562298
Heisenberg,cnot_count,-4.65,5705688.806906199,2746599554.730837,36982656.770745665
Heisenberg,cnot_count,-4.625,5624177.294437488,2722259174.037091,36978319.19885984
Heisenberg,cnot_count,-4.6,5543830.314313975,2698059999.8311005,36973979.32703431
Heisenberg,cnot_count,-4.575,5464631.228924864,2674001647.795961,36969637.16289494
Heisenberg,cnot_count,-4.55,5386563.638364028,2650083733.4698243,36965292.71464559
Heisenberg,cnot_count,-4.525,5309611.377033847,2626305872.2453947,36960945.99109166
Heisenberg,cnot_count,-4.5,5233758.51029758,2602667679.369425,36956597.001663916
Heisenberg,cnot_count,-4.475,5158989.331179612,2579168769.9421535,36952245.756442495
Heisenberg,cnot_count,-4.45,5085288.357112771,2555808758.9168735,36947892.26618411
Heisenberg,cnot_count,-4.425,5012640.326732153,2532587261.0993423,36943536.542347595
Heisenberg,cnot_count,-4.4,4941030.196714757,2509503891.1472535,36939178.597123735
Heisenberg,cnot_count,-4.375,4870443.138664287,2486558263.5697994,36934818.44346281
Heisenberg,cnot_count,-4.35,4800864.536040424,2463749992.7270207,36930456.09510572
Heisenberg,cnot_count,-4.325,4732279.981131987,2441078692.829361,36926091.56661598
Heisenberg,cnot_count,-4.3,4664675.272073386,2418543977.9370685,36921724.87341333
Heisenberg,cnot_count,-4.275,4598036.409903613,2396145461.9597178,36917356.03180735
Heisenberg,cnot_count,-4.25,4532349.595667329,2373882758.655598,36912985.05903388
Heisenberg,cnot_count,-4.225,4467601.227557346,2351755481.6312246,36908611.97329275
Heisenberg,cnot_count,-4.2,4403777.898097901,2329763244.3407164,36904236.79378812
Heisenberg,cnot_count,-4.175,4340866.3913682485,2307905660.0853114,36899859.54076688
Heisenberg,cnot_count,-4.15,4278853.68026583,2286182342.0127554,36895480.235564746
Heisenberg,cnot_count,-4.125,4217726.923808631,2264592903.1167626,36891098.90064855
Heisenberg,cnot_count,-4.1,4157473.4644760205,2243136956.2364435,36886715.55966432
Heisenberg,cnot_count,-4.075,4098080.825587616,2221814114.055721,36882330.237485
Heisenberg,cnot_count,-4.05,4039536.7087195823,2200623989.102769,36877942.9602627
Heisenberg,cnot_count,-4.025,3981828.991157853,2179566193.749402,36873553.75548132
Heisenberg,cnot_count,-4.0,3924945.7233877354,2158640340.210557,36869162.65201308
Heisenberg,cnot_count,-3.9749999999999996,3868875.126619365,2137846040.5435998,36864769.68017538
Heisenberg,cnot_count,-3.95,3813605.5903485846,2117182906.6478474,36860374.87179349
Heisenberg,cnot_count,-3.925,3759125.669952569,2096650550.2638865,36855978.26026329
Heisenberg,cnot_count,-3.9,3705424.084319872,2076248582.9730031,36851579.88061943
Heisenberg,cnot_count,-3.875,3652489.713514321,2055976616.1965835,36847179.76960346
Heisenberg,cnot_count,-3.8499999999999996,3600311.596472307,2035834261.1954894,36842777.96573868
Heisenberg,cnot_count,-3.825,3548878.928732897,2015821129.0694475,36838374.50940653
Heisenberg,cnot_count,-3.8,3498181.060200499,1995936830.7564452,36833969.44292661
Heisenberg,cnot_count,-3.775,3448207.4929393725,1976180977.0320632,36829562.81064209
Heisenberg,cnot_count,-3.75,3398947.8789997543,1956553178.5089035,36825154.6590069
Heisenberg,cnot_count,-3.7249999999999996,3350392.018274951,1937053045.6359158,36820745.03667891
Heisenberg,cnot_count,-3.7,3302529.856389129,1917680188.6977935,36816333.994617425
Heisenberg,cnot_count,-3.675,3255351.482615223,1898434217.8142889,36811921.586185925
Heisenberg,cnot_count,-3.65,3208847.127822627,1879314742.939612,36807507.867257506
Heisenberg,cnot_count,-3.625,3163007.162454209,1860321373.8617334,36803092.89632896
Heisenberg,cnot_count,-3.5999999999999996,3117822.0945321973,1841453720.201769,36798676.734638646
Heisenberg,cnot_count,-3.575,3073282.5676925792,1822711391.413289,36794259.44629002
Heisenberg,cnot_count,-3.55,3029379.3592476235,1804093996.7816691,36789841.09838325
Heisenberg,cnot_count,-3.525,2986103.3782759877,1785601145.4234083,36785421.76115156
Heisenberg,cnot_count,-3.5,2943445.6637402144,1767232446.2854545,36781001.508106016
Heisenberg,cnot_count,-3.4749999999999996,2901397.382631066,1748987508.144528,36776580.41618763
Heisenberg,cnot_count,-3.45,2859949.8281384064,1730865939.6064293,36772158.56592702
Heisenberg,cnot_count,-3.425,2819094.4178481568,1712867349.1053326,36767736.041612804
Heisenberg,cnot_count,-3.4,2778822.691965102,1694991344.9031334,36763312.93146901
Heisenberg,cnot_count,-3.375,2739126.3115610206,1677237535.0886953,36758889.32784178
Heisenberg,cnot_count,-3.3499999999999996,2699997.0568478745,1659605527.5771616,36754465.32739691
Heisenberg,cnot_count,-3.325,2661426.8254756597,1642094930.1092405,36750041.031326324
Heisenberg,cnot_count,-3.3,2623407.630854586,1624705350.2504916,36745616.5455694
Heisenberg,cnot_count,-3.275,2585931.6005012286,1607436395.3906002,36741191.98104184
Heisenberg,cnot_count,-3.25,2548990.9744083053,1590287672.742623,36736767.453881435
Heisenberg,cnot_count,-3.2249999999999996,2512578.103437749,1573258789.3422906,36732343.08570639
Heisenberg,cnot_count,-3.2,2476685.447736746,1556349352.047219,36727919.003886014
Heisenberg,cnot_count,-3.175,2441305.5751763857,1539558967.5362234,36723495.34183079
Heisenberg,cnot_count,-3.15,2406431.1598126558,1522887242.308487,36719072.23929658
Heisenberg,cnot_count,-3.125,2372054.9803693867,1506333782.6828587,36714649.842707105
Heisenberg,cnot_count,-3.0999999999999996,2338169.9187429175,1489898194.7970698,36710228.30549505
Heisenberg,cnot_count,-3.075,2304768.958528066,1473580084.6069548,36705807.7884653
Heisenberg,cnot_count,-3.05,2271845.1835652357,1457379057.8856761,36701388.46017643
Heisenberg,cnot_count,-3.025,2239391.7765082098,1441294720.222939,36696970.49734778
Heisenberg,cnot_count,-3.0,2207402.0174124734,1425326677.0242114,36692554.08529098
Heisenberg,cnot_count,-2.975,2175869.282343657,1409474533.5098963,36688139.418366514
Heisenberg,cnot_count,-2.9499999999999997,2144787.0420058905,1393737894.714547,36683726.700470865
Heisenberg,cnot_count,-2.925,2114148.86038976,1378116365.486075,36679316.14555058
Heisenberg,cnot_count,-2.9,2083948.393439555,1362609550.4848855,36674907.978153385
Heisenberg,cnot_count,-2.875,2054179.3877396015,1347217054.1830869,36670502.43400948
Heisenberg,cnot_count,-2.85,2024835.6792193202,1331938480.8636575,36666099.76065379
Heisenberg,cnot_count,-2.8249999999999997,1995911.1918768333,1316773434.61958,36661700.21808668
Heisenberg,cnot_count,-2.8,1967399.9365207867,1301721519.3530335,36657304.079478726
Heisenberg,cnot_count,-2.775,1939296.009530137,1286782338.774507,36652911.63192213
Heisenberg,cnot_count,-2.75,1911593.5916317033,1271955496.401956,36648523.17723113
Heisenberg,cnot_count,-2.725,1884286.9466951415,1257240595.559932,36644139.03279812
Heisenberg,cnot_count,-2.6999999999999997,1857370.4205451773,1242637239.378708,36639759.53250695
Heisenberg,cnot_count,-2.675,1830838.4397907816,1228145030.7933986,36635385.027708985
Heisenberg,cnot_count,-2.65,1804685.5106711017,1213763572.5430512,36631015.888269156
Heisenberg,cnot_count,-2.625,1778906.2179178703,1199492467.1697884,36626652.503681764
Heisenberg,cnot_count,-2.5999999999999996,1753495.22363407,1185331317.017847,36622295.28427026
Heisenberg,cnot_count,-2.5749999999999997,1728447.2661886546,1171279724.2327104,36617944.66246854
Heisenberg,cnot_count,-2.55,1703757.1591270105,1157337290.760174,36613601.0942
Heisenberg,cnot_count,-2.525,1679419.7900970357,1143503618.345397,36609265.06035354
Heisenberg,cnot_count,-2.5,1655430.1197905575,1129778308.5319881,36604937.06837357
Heisenberg,cnot_count,-2.4749999999999996,1631783.1808998664,1116160962.661052,36600617.653965555
Heisenberg,cnot_count,-2.4499999999999997,1608474.0770891684,1102651181.870228,36596307.382934675
Heisenberg,cnot_count,-2.425,1585497.9819807562,1089248567.0927362,36592006.853164285
Heisenberg,cnot_count,-2.4,1562850.1381556494,1075952719.0563838,36587716.69674945
Heisenberg,cnot_count,-2.375,1540525.8561685288,1062763238.2826227,36583437.5822973
Heisenberg,cnot_count,-2.3499999999999996,1518520.5135767446,1049679725.0855259,36579170.21741353
Heisenberg,cnot_count,-2.3249999999999997,1496829.5539832267,1036701779.5708007,36574915.35138796
Heisenberg,cnot_count,-2.3,1475448.4860930445,1023829001.6347805,36570673.778101645
Heisenberg,cnot_count,-2.275,1454372.882783485,1011060990.9634159,36566446.339173526
Heisenberg,cnot_count,-2.25,1433598.3801874018,998397347.0312303,36562233.927374326
Heisenberg,cnot_count,-2.2249999999999996,1413120.6767896789,985837669.1002926,36558037.49032844
Heisenberg,cnot_count,-2.1999999999999997,1392935.5325366245,973381556.2191832,36553858.03453766
Heisenberg,cnot_count,-2.175,1373038.767958077,961028607.2219205,36549696.62975648
Heisenberg,cnot_count,-2.15,1353426.2633020848,948778420.7268984,36545554.413757
Heisenberg,cnot_count,-2.125,1334093.957681946,936630595.1358277,36541432.5975205
Heisenberg,cnot_count,-2.0999999999999996,1315037.848235456,924584728.6326215,36537332.470907554
Heisenberg,cnot_count,-2.0749999999999997,1296253.9892961779,912640419.1823304,36533255.40884996
Heisenberg,cnot_count,-2.05,1277738.4915765608,900797264.5300113,36529202.87812784
Heisenberg,cnot_count,-2.025,1259487.5213627587,889054862.1996285,36525176.44479399
Heisenberg,cnot_count,-2.0,1241497.2997209441,877412809.4929066,36521177.7823179
Heisenberg,cnot_count,-1.9749999999999996,1223764.1017150024,865870703.4882075,36517208.68053435
Heisenberg,cnot_count,-1.9499999999999997,1206284.2556354136,854428141.039383,36513271.05548578
Heisenberg,cnot_count,-1.9249999999999998,1189054.142239154,843084718.7745957,36509366.960269466
Heisenberg,cnot_count,-1.9,1172070.194000496,831840033.0951589,36505498.5970057
Heisenberg,cnot_count,-1.875,1155328.8943725268,820693680.174356,36501668.33006388
Heisenberg,cnot_count,-1.8499999999999996,1138826.7770592389,809645255.9562279,36497878.700708926
Heisenberg,cnot_count,-1.8249999999999997,1122560.4252980477,798694356.1543912,36494132.44334
Heisenberg,cnot_count,-1.7999999999999998,1106526.4711525724,787840576.2507889,36490432.50352994
Heisenberg,cnot_count,-1.775,1090721.5948155725,777083511.4944822,36486782.05810383
Heisenberg,cnot_count,-1.75,1075142.5239218448,766422756.9003893,36483184.53752625
Heisenberg,cnot_count,-1.7249999999999996,1059786.0328709919,755857907.2480413,36479643.65091164
Heisenberg,cnot_count,-1.6999999999999997,1044648.942159883,745388557.0802974,36476163.41402449
Heisenberg,cnot_count,-1.6749999999999998,1029728.11772469,735014300.7020832,36472748.18069091
Heisenberg,cnot_count,-1.65,1015020.4702923757,724734732.1790657,36469402.678116575
Heisenberg,cnot_count,-1.625,1000522.9547414668,714549445.3363696,36466132.04668395
Heisenberg,cnot_count,-1.5999999999999996,986232.5694720164,704458033.7572379,36462941.88490847
Heisenberg,cnot_count,-1.5749999999999997,972146.3557846205,694460090.7817014,36459838.300345935
Heisenberg,cnot_count,-1.5499999999999998,958261.397268337,684555209.5052303,36456827.96738759
Heisenberg,cnot_count,-1.525,944574.8191974206,674742982.7773567,36453918.193051025
Heisenberg,cnot_count,-1.5,931083.7879367326,665023003.2003016,36451116.992089756
Heisenberg,cnot_count,-1.4749999999999996,917785.5103557038,655394863.1275891,36448433.17298578
Heisenberg,cnot_count,-1.4499999999999997,904677.2332507409,645858154.6626194,36445876.436712354
Heisenberg,cnot_count,-1.4249999999999998,891756.2427759542,636412469.657256,36443457.490527384
Heisenberg,cnot_count,-1.4,879019.8638821099,627057399.7103744,36441188.17953061
Heisenberg,cnot_count,-1.375,866465.4597636664,617792536.1664284,36439081.639295794
Heisenberg,cnot_count,-1.3499999999999996,854090.4313138195,608617470.1139448,36437152.47362171
Heisenberg,cnot_count,-1.3249999999999997,841892.2165874271,599531792.3840637,36435416.962348334
Heisenberg,cnot_count,-1.2999999999999998,829868.2902717162,590535093.5490192,36433893.30532989
Heisenberg,cnot_count,-1.275,818016.1631646717,581626963.9206244,36432601.91011801
Heisenberg,cnot_count,-1.25,806333.3816610118,572806993.5487279,36431565.73275032
Heisenberg,cnot_count,-1.2249999999999996,794817.5272456398,564074772.2196577,36430810.683428966
Heisenberg,cnot_count,-1.1999999999999997,783466.2159944978,555429889.4546592,36430366.11196365
Heisenberg,cnot_count,-1.1749999999999998,772277.0980827069,546871934.5082865,36430265.39186009
Heisenberg,cnot_count,-1.15,761247.8572999366,538400496.3668054,36430546.627246894
Heisenberg,cnot_count,-1.125,750376.2105728778,530015163.746565,36431253.51382881
Heisenberg,cnot_count,-1.0999999999999996,739659.9074947793,521715525.09234285,36432436.3944658
Heisenberg,cnot_count,-1.0749999999999997,729096.7298619418,513501168.57568955,36434153.562666565
Heisenberg,cnot_count,-1.0499999999999998,718684.4912170934,505371682.0932338,36436472.884632945
Heisenberg,cnot_count,-1.025,708421.0363996011,497326653.264988,36439473.83447512
Heisenberg,cnot_count,-1.0,698304.241102413,489365669.43261176,36443250.07073489
Heisenberg,t_count,-5.0,583578603.7072688,278760330980.1006,270715213.3167242
Heisenberg,t_count,-4.975,574407279.4721994,275922462693.8729,270656620.7028717
Heisenberg,t_count,-4.95,565376292.858879,273105177115.91174,270598001.8884318
Heisenberg,t_count,-4.925,556483522.9759947,270308385574.87643,270539356.90343153
Heisenberg,t_count,-4.9,547726880.6836742,267531999518.7496,270480685.78248537
Heisenberg,t_count,-4.875,539104308.1208135,264775930515.03046,270421988.56497085
Heisenberg,t_count,-4.85,530613778.2394244,262040090250.93607,270363265.29520774
Heisenberg,t_count,-4.825,522253294.34586406,259324390533.59256,270304516.02265424
Heisenberg,t_count,-4.8,514020889.64885247,256628743290.23547,270245740.802105
Heisenberg,t_count,-4.775,505914626.8141895,253953060568.40826,270186939.6938985
Heisenberg,t_count,-4.75,497932597.5260598,251297254536.16,270128112.7641332
Heisenberg,t_count,-4.725,490072922.0548264,248661237482.24973,270069260.0848918
Heisenberg,t_count,-4.7,482333748.83123183,246044921816.3439,270010381.7344685
Heisenberg,t_count,-4.675,474713254.02690357,243448220069.22186,269951477.79762113
Heisenberg,t_count,-4.65,467209641.1410544,240871044892.978,269892548.36581147
Heisenberg,t_count,-4.625,459821140.59332937,238313309061.22574,269833593.5374775
Heisenberg,t_count,-4.6,452546009.3226512,235774925469.30383,269774613.41829807
Heisenberg,t_count,-4.575,445382530.39203095,233255807134.48163,269715608.12147784
Heisenberg,t_count,-4.55,438329012.59920794,230755867196.16653,269656577.76804936
Heisenberg,t_count,-4.525,431383790.09307784,228275018916.11496,269597522.487171
Heisenberg,t_count,-4.5,424545221.99577826,225813175678.63605,269538442.4164488
Heisenberg,t_count,-4.475,417811692.0303829,223370250990.80908,269479337.70227766
Heisenberg,t_count,-4.45,411181608.1541092,220946158482.68835,269420208.5001722
Heisenberg,t_count,-4.425,404653402.19695187,218540811907.52002,269361054.97514504
Heisenberg,t_count,-4.4,398225529.50566655,216154125141.9533,269301877.3020711
Heisenberg,t_count,-4.375,391896468.5930327,213786012186.25595,269242675.66608775
Heisenberg,t_count,-4.35,385664720.7923064,211436387164.52896,269183450.26299846
Heisenberg,t_count,-4.325,379528809.91678274,209105164324.92468,269124201.2997022
Heisenberg,t_count,-4.3,373487281.9244145,206792258039.86237,269064928.9946326
Heisenberg,t_count,-4.275,367538704.587383,204497582806.24844,269005633.57822955
Heisenberg,t_count,-4.25,361681667.1665693,202221053245.69708,268946315.2934157
Heisenberg,t_count,-4.225,355914780.0908442,199962584104.74808,268886974.39610523
Heisenberg,t_count,-4.2,350236674.64110476,197722090255.09262,268827611.15573364
Heisenberg,t_count,-4.175,344646002.63899493,195499486693.7936,268768225.85579425
Heisenberg,t_count,-4.15,339141436.1402262,193294688543.5131,268708818.7944237
Heisenberg,t_count,-4.125,333721667.1324492,191107611052.7329,268649390.2849981
Heisenberg,t_count,-4.1,328385407.2375909,188938169595.98752,268589940.65676445
Heisenberg,t_count,-4.075,323131387.41860265,186786279674.0851,268530470.2554805
Heisenberg,t_count,-4.05,317958357.69055027,184651856914.34213,268470979.4441101
Heisenberg,t_count,-4.025,312865086.83597267,182534817070.8109,268411468.60353506
Heisenberg,t_count,-4.0,307850362.12447155,180435076024.5099,268351938.13330188
Heisenberg,t_count,-3.9749999999999996,302912989.03643227,178352549783.6582,268292388.45239875
Heisenberg,t_count,-3.95,298051790.99084663,176287154483.90994,268232820.0000797
Heisenberg,t_count,-3.925,293265609.0771612,174238806388.5845,268173233.23671594
Heisenberg,t_count,-3.9,288553301.7910922,172207421888.90793,268113628.6446882
Heisenberg,t_count,-3.875,283913744.77435076,170192917504.24893,268054006.72933447
Heisenberg,t_count,-3.8499999999999996,279345830.55822057,168195209882.35522,267994368.0199085
Heisenberg,t_count,-3.825,274848468.3109299,166214215799.59607,267934713.0706392
Heisenberg,t_count,-3.8,270420583.5887537,164249852161.20233,267875042.46177754
Heisenberg,t_count,-3.775,266061118.09081256,162302036001.50787,267815356.80074653
Heisenberg,t_count,-3.75,261769029.4174779,160370684484.1961,267755656.72331044
Heisenberg,t_count,-3.7249999999999996,257543290.8323733,158455714902.54266,267695942.89482436
Heisenberg,t_count,-3.7,253382891.02787143,156557044679.66232,267636216.01153135
Heisenberg,t_count,-3.675,249286833.89407787,154674591368.75592,267576476.80193403
Heisenberg,t_count,-3.65,245254138.29121163,152808272653.36206,267516726.0282173
Heisenberg,t_count,-3.625,241283837.8253691,150958006347.6045,267456964.487766
Heisenberg,t_count,-3.5999999999999996,237374980.6275834,149123710396.44568,267397193.01474166
Heisenberg,t_count,-3.575,233526629.13615835,147305302875.93875,267337412.48173827
Heisenberg,t_count,-3.55,229737859.88221118,145502701993.48184,267277623.80154237
Heisenberg,t_count,-3.525,226007763.27838695,143715826088.07788,267217827.92894778
Heisenberg,t_count,-3.5,222335443.41068995,141944593630.58423,267158025.86271387
Heisenberg,t_count,-3.4749999999999996,218720017.8333853,140188923223.97974,267098218.64757043
Heisenberg,t_count,-3.45,215160617.36692795,138448733603.6187,267038407.3763775
Heisenberg,t_count,-3.425,211656385.89887407,136723943637.49573,266978593.19236365
Heisenberg,t_count,-3.4,208206480.18772358,135014472326.50905,266918777.2915036
Heisenberg,t_count,-3.375,204810069.66965595,133320238804.72273,266858960.92501384
Heisenberg,t_count,-3.3499999999999996,201466336.26811358,131641162339.63475,266799145.4019946
Heisenberg,t_count,-3.325,198174474.2061915,129977162332.44301,266739332.09219533
Heisenberg,t_count,-3.3,194933689.82178137,128328158318.31677,266679522.42895842
Heisenberg,t_count,-3.275,191743201.3854445,126694069966.6662,266619717.9123027
Heisenberg,t_count,-3.25,188602238.92095459,125074817081.4122,266559920.11219046
Heisenberg,t_count,-3.2249999999999996,185510044.02848706,123470319601.26419,266500130.67198497
Heisenberg,t_count,-3.2,182465869.71039745,121880497599.99321,266440351.3120816
Heisenberg,t_count,-3.175,179468980.19956103,120305271286.70844,266380583.833778
Heisenberg,t_count,-3.15,176518650.79023182,118744561006.13635,266320830.12333018
Heisenberg,t_count,-3.125,173614167.67137933,117198287238.9025,266261092.15628165
Heisenberg,t_count,-3.0999999999999996,170754827.7624683,115666370601.81123,266201372.00202468
Heisenberg,t_count,-3.075,167939938.55164018,114148731848.12868,266141671.82863587
Heisenberg,t_count,-3.05,165168817.93626305,112645291867.87114,266081993.9079923
Heisenberg,t_count,-3.025,162440794.06581092,111155971688.08687,266022340.6212195
Heisenberg,t_count,-3.0,159755205.18703806,109680692473.15073,265962714.46444407
Heisenberg,t_count,-2.975,157111399.4914064,108219375525.04974,265903118.054911
Heisenberg,t_count,-2.9499999999999997,154508734.9647425,106771942283.6763,265843554.1374839
Heisenberg,t_count,-2.925,151946579.2390749,105338314327.12273,265784025.59153548
Heisenberg,t_count,-2.9,149424309.4466292,103918413371.97693,265724535.43828955
Heisenberg,t_count,-2.875,146941312.07594004,102512161273.61836,265665086.84862006
Heisenberg,t_count,-2.85,144496982.83004674,101119480026.51874,265605683.15135336
Heisenberg,t_count,-2.8249999999999997,142090726.48674464,99740291764.54149,265546327.8421013
Heisenberg,t_count,-2.8,139721956.7608504,98374518761.246,265487024.5926945
Heisenberg,t_count,-2.775,137390096.16845378,97022083430.19133,265427777.26120886
Heisenberg,t_count,-2.75,135094575.8931278,95682908325.24355,265368589.90269056
Heisenberg,t_count,-2.725,132834835.65405373,94356916140.88316,265309466.78057808
Heisenberg,t_count,-2.6999999999999997,130610323.57604036,93044029712.51692,265250412.37893182
Heisenberg,t_count,-2.675,128420496.06139988,91744172016.7888,265191431.41547424
Heisenberg,t_count,-2.65,126264817.66365238,90457266171.895,265132528.8555703
Heisenberg,t_count,-2.625,124142760.96302323,89183235437.90112,265073709.9271578
Heisenberg,t_count,-2.5999999999999996,122053806.4437119,87922003217.0576,265014980.13677752
Heisenberg,t_count,-2.5749999999999997,119997442.37289064,86673493054.12401,264956345.28671044
Heisenberg,t_count,-2.55,117973164.6814114,85437628636.68822,264897811.49341324
Heisenberg,t_count,-2.525,115980476.84618759,84214333795.49171,264839385.20726487
Heisenberg,t_count,-2.5,114018889.77421926,83003532504.75781,264781073.23380044
Heisenberg,t_count,-2.4749999999999996,112087921.68823737,81805148882.5177,264722882.75654724
Heisenberg,t_count,-2.4499999999999997,110187098.01393044,80619107190.94307,264664821.36159673
Heisenberg,t_count,-2.425,108315951.26873021,79445331836.67833,264606897.06405288
Heisenberg,t_count,-2.4,106474020.9521251,78283747371.17545,264549118.33657485
Heisenberg,t_count,-2.375,104660853.43746907,77134278491.03221,264491494.14013904
Heisenberg,t_count,-2.3499999999999996,102876001.86526161,75996850038.33167,264434033.9572868
Heisenberg,t_count,-2.3249999999999997,101119026.03786696,74871387000.98213,264376747.82804474
Heisenberg,t_count,-2.3,99389492.31564456,73757814513.06453,264319646.38879988
Heisenberg,t_count,-2.275,97686973.51445454,72656057855.17552,264262740.91439515
Heisenberg,t_count,-2.25,96011048.80452533,71566042454.77858,264206043.36377972
Heisenberg,t_count,-2.2249999999999996,94361303.6106325,70487693886.55402,264149566.42953843
Heisenberg,t_count,-2.1999999999999997,92737329.51357906,69420937872.75229,264093323.59170803
Heisenberg,t_count,-2.175,91138724.15292904,68365700283.55053,264037329.17631036
Heisenberg,t_count,-2.15,89565091.13098164,67321907137.41114,263981598.4190901
Heisenberg,t_count,-2.125,88016039.91794181,66289484601.44105,263926147.5349934
Heisenberg,t_count,-2.0999999999999996,86491185.7582631,65268358991.75652,263870993.7939979
Heisenberg,t_count,-2.0749999999999997,84990149.57813118,64258456773.84798,263816155.60399067
Heisenberg,t_count,-2.05,83512557.89405279,63259704562.94942,263761652.60144195
Heisenberg,t_count,-2.025,82058042.72252332,62272029124.40802,263707505.75076032
Heisenberg,t_count,-2.0,80626241.49073403,61295357374.0585,263653737.45328498
Heisenberg,t_count,-1.9749999999999996,79216796.94829121,60329616378.59949,263600371.6670473
Heisenberg,t_count,-1.9499999999999997,77829357.0799075,59374733355.97105,263547434.038524
Heisenberg,t_count,-1.9249999999999998,76463575.01903622,58430635675.73835,263494952.04781955
Heisenberg,t_count,-1.9,75119108.96240447,57497250859.47387,263442955.16889083
Heisenberg,t_count,-1.875,73795622.08541732,56574506581.145386,263391475.04663724
Heisenberg,t_count,-1.8499999999999996,72492782.45838659,55662330667.50601,263340545.6929829
Heisenberg,t_count,-1.8249999999999997,71210262.96354821,54760651098.48615,263290203.70433494
Heisenberg,t_count,-1.7999999999999998,69947741.21282806,53869396007.59004,263240488.5031767
Heisenberg,t_count,-1.775,68704899.46630873,52988493682.29285,263191442.60697663
Heisenberg,t_count,-1.75,67481424.55135839,52117872564.443436,263143111.9280565
Heisenberg,t_count,-1.7249999999999996,66277007.78237117,51257461250.66763,263095546.10865107
Heisenberg,t_count,-1.6999999999999997,65091344.881071016,50407188492.77572,263048798.89604625
Heisenberg,t_count,-1.6749999999999998,63924135.897328705,49566983198.173615,263002928.56347653
Heisenberg,t_count,-1.65,62775085.13043724,48736774430.27564,262957998.38342622
Heisenberg,t_count,-1.625,61643901.05078935,47916491408.92066,262914077.16104054
Heisenberg,t_count,-1.5999999999999996,60530296.221896134,47106063510.793236,262871239.836767
Heisenberg,t_count,-1.5749999999999997,59433987.22268406,46305420269.84518,262829568.16884854
Heisenberg,t_count,-1.5499999999999998,58354694.57000179,45514491377.72274,262789151.50830013
Heisenberg,t_count,-1.525,57292142.64126449,44733206684.195274,262750087.68126434
Heisenberg,t_count,-1.5,56246059.59716022,43961496197.58857,262712483.9964591
Heisenberg,t_count,-1.4749999999999996,55216177.30433338,43199290085.220764,262676458.39886034
Heisenberg,t_count,-1.4499999999999997,54202231.257959485,42446518673.8417,262642140.79493716
Heisenberg,t_count,-1.4249999999999998,53203960.50411253,41703112450.076775,262609674.5798761
Heisenberg,t_count,-1.4,52221107.561827734,40969002060.87234,262579218.40357295
Heisenberg,t_count,-1.375,51253418.34474233,40244118313.946396,262550948.2200115
Heisenberg,t_count,-1.3499999999999996,50300642.082201004,39528392178.24213,262525059.67443228
Heisenberg,t_count,-1.3249999999999997,49362531.23969148,38821754784.384995,262501770.8949563
Heisenberg,t_count,-1.2999999999999998,48438841.43847011,38124137425.144104,262481325.7707953
Heisenberg,t_count,-1.275,47529331.37422522,37435471555.89623,262463997.81878978
Heisenberg,t_count,-1.25,46633762.73460621,36755688795.095085,262450094.76506117
Heisenberg,t_count,-1.2249999999999996,45751900.115439564,36084720924.74297,262439964.00075108
Heisenberg,t_count,-1.1999999999999997,44883510.935425,35422499890.867065,262433999.1125629
Heisenberg,t_count,-1.1749999999999998,44028365.349093124,34768957804.000046,262432647.7431595
Heisenberg,t_count,-1.15,43186236.157780945,34124026939.66346,262436421.10812482
Heisenberg,t_count,-1.125,42356898.71835292,33487639738.856644,262445905.5911904
Heisenberg,t_count,-1.0999999999999996,41540130.84937411,32859728808.548645,262461776.96665135
Heisenberg,t_count,-1.0749999999999997,40735712.73440303,32240226922.174072,262484817.97010547
Heisenberg,t_count,-1.0499999999999998,39943426.82203859,31629067020.13506,262515940.17394653
Heisenberg,t_count,-1.025,39163057.72231566,31026182210.305004,262556211.44953862
Heisenberg,t_count,-1.0,38394392.09899397,30431505768.538612,262606890.7534522
