model,metric,N,Trotter_fit,MPF_fit,QSVT_fit_corrected
TFIM,cnot_count,3.0,1055.0630666683905,14968.595998562054,47310.355788498484
TFIM,cnot_count,3.065914059261501,1113.9971720741394,15717.55623400103,50762.18811988448
TFIM,cnot_count,3.1332763395924443,1176.2232406711917,16503.648600236585,54463.057019298605
TFIM,cnot_count,3.2021186603692957,1241.9251561645476,17328.699635657504,58430.83868628347
TFIM,cnot_count,3.2724735400832756,1311.2970737036328,18194.625118228927,62684.691266837945
TFIM,cnot_count,3.3443742117008566,1384.543993628459,19103.434399722457,67245.14680553603
TFIM,cnot_count,3.417854638361751,1461.8823672643177,20057.234949358335,72134.2097936481
TFIM,cnot_count,3.492949529421809,1543.540736555185,21058.237116930788,77375.46278653659
TFIM,cnot_count,3.5696943568483883,1629.760409425984,22108.75912597043,82994.17959755435
TFIM,cnot_count,3.648125371975972,1720.7961728695127,23211.23230800297,89017.44661209956
TFIM,cnot_count,3.7282796226299086,1816.9170458652286,24368.2065894922,95474.29280448133
TFIM,cnot_count,3.8101949706263993,1918.407074354851,25582.356243610968,102395.82908208352
TFIM,cnot_count,3.89391010965698,2025.5661706240205,26856.48591956448,109815.39762613308
TFIM,cnot_count,3.9794645835659415,2138.7109995704377,28193.536962799306,117768.73194641399
TFIM,cnot_count,4.066898805029345,2258.1759144774956,29596.594040069653,126294.128418757
TFIM,cnot_count,4.156254074644423,2384.313945058722,31068.8920840008,135432.6301293207
TFIM,cnot_count,4.247572600438411,2517.497840692757,32613.823572488585,145228.22390881804
TFIM,cnot_count,4.340897517806019,2658.1211719317503,34234.94615901108,155728.05150323085
TFIM,cnot_count,4.436272909884942,2806.5994935382023,35935.990670691805,166982.63589549347
TFIM,cnot_count,4.533743828379057,2963.3715724871936,37720.86949176377,179046.12386544477
TFIM,cnot_count,4.633356314839137,3128.9006845627764,39593.68535092458,191976.54595338178
TFIM,cnot_count,4.735157422411122,3303.6759833801502,41558.74053195819,205836.0950761949
TFIM,cnot_count,4.839195238062237,3488.213945879184,43620.546527921986,220691.42513471324
TFIM,cnot_count,4.945518905295439,3683.0598985608544,45783.83416017267,236613.97104696702
TFIM,cnot_count,5.054178647362944,3888.7896289767723,48053.56418451403,253680.29174505098
TFIM,cnot_count,5.165225790989775,4106.011087233858,50434.9384078205,271972.4377836525
TFIM,cnot_count,5.278712790618552,4335.366182542364,52933.4113396017,291578.3453265933
TFIM,cnot_count,5.3946932531869765,4577.532680116083,55554.70240414154,312592.2584045184
TFIM,cnot_count,5.5132219634497055,4833.2262040303385,58304.808740071974,335115.18147276016
TFIM,cnot_count,5.634354909856582,5103.2023519563645,61190.01861551916,359255.3644440365
TFIM,cnot_count,5.758149310999454,5388.2589280213,64216.92548830902,385128.8225267536
TFIM,cnot_count,5.884663642640049,5689.23830039211,67392.44274211733,412859.89336696296
TFIM,cnot_count,6.0139576653317075,6007.029890550308,70723.81913093383,442581.83417134726
TFIM,cnot_count,6.146092452647985,6342.572801613517,74218.65496574376,474437.4616808076
TFIM,cnot_count,6.281130420031485,6696.858593470746,77884.91907895492,508579.8380701619
TFIM,cnot_count,6.419135354276543,7070.934212932315,81730.96660378865,545173.0060702758
TFIM,cnot_count,6.560172443659668,7465.905087553069,85765.55760762886,584392.7768455392
TFIM,cnot_count,6.704308308732018,7882.938392271584,89997.8766201826,626427.5744132036
TFIM,cnot_count,6.851611033788396,8323.266498518502,94437.5530992525,671479.340662897
TFIM,cnot_count,7.002150199027691,8788.190615986467,99094.68287896228,719764.5053259713
TFIM,cnot_count,7.155996913419903,9279.08463782331,103979.85064741391,771515.0255565488
TFIM,cnot_count,7.313223848295327,9797.399200611642,109104.15350298767,826979.5001207814
TFIM,cnot_count,7.473905271671715,10344.665971132124,114479.22564085435,886424.3635495203
TFIM,cnot_count,7.638117083335653,10922.50217257844,120117.26422370486,950135.1659940069
TFIM,cnot_count,7.805936850694743,11532.615363599278,126031.05649329854,1018417.9449361906
TFIM,cnot_count,7.977443845417484,12176.80848428968,132234.0081821048,1091600.695346934
TFIM,cnot_count,8.152719080878196,12856.985184043591,138740.17328715048,1170034.9453585697
TFIM,cnot_count,8.331845350424656,13575.155447011155,145564.28527113446,1254097.4450256329
TFIM,cnot_count,8.514907266486507,14333.441531785116,152721.78975896948,1344191.9762912567
TFIM,cnot_count,8.701991300542966,15134.08424286856,160228.8788011587,1440751.2928593955
TFIM,cnot_count,8.893185823968649,15979.449552456257,168102.5267788074,1544239.1992977243
TFIM,cnot_count,9.08858114977685,16872.035592098466,176360.52802862975,1655152.7793652546
TFIM,cnot_count,9.288269575279967,17814.48003490712,185021.53627004637,1774024.7842764137
TFIM,cnot_count,9.492345425687235,18809.567890120463,194105.10592035795,1901426.1923820334
TFIM,cnot_count,9.700905098660364,19860.239733059083,203631.73538809133,2037968.9525721108
TFIM,cnot_count,9.914047109848129,20969.600394794215,213622.91243887044,2184308.9245882826
TFIM,cnot_count,10.131872139421406,22140.928137206472,224101.16173268555,2341149.0303809447
TFIM,cnot_count,10.354483079630663,23377.68434054854,235090.09463610078,2509242.631660488
TFIM,cnot_count,10.581985083408325,24683.52373213938,246614.46141788556,2689397.1498797545
TFIM,cnot_count,10.814485614039024,26062.305186416626,258700.20594169456,2882477.946050505
TFIM,cnot_count,11.052094495921164,27518.103128262155,271374.5229748447,3089412.4790458786
TFIM,cnot_count,11.294923966443777,29055.219573299266,284665.9182378595,3311194.762380111
TFIM,cnot_count,11.543088729003218,30678.196840740846,298604.2713254088,3548890.140891586
TFIM,cnot_count,11.796706007184646,32391.830976356734,313220.90163544996,3803640.4102937765
TFIM,cnot_count,12.055895600134004,34201.18592522623,328548.63744989206,4076669.304207116
TFIM,cnot_count,12.320779939146572,36111.60849615716,344621.888316908,4369288.3750518095
TFIM,cnot_count,12.591484145498839,38128.74416199361,361476.72089213703,4682903.297075495
TFIM,cnot_count,12.86813608955106,40258.55374250282,379150.9384034973,5019020.621819598
TFIM,cnot_count,13.150866451148302,42507.33101914069,397684.16391214397,5379255.018503204
TFIM,cnot_count,13.439808781348662,44881.7213337497,417117.9275502973,5765337.0341357915
TFIM,cnot_count,13.73509956550768,47388.74122615013,437495.75792524865,6179121.410668798
TFIM,cnot_count,14.036878287748836,50035.7991686546,458863.2778878119,6622595.999174419
TFIM,cnot_count,14.345287496850554,52830.717458779145,481268.3048729411,7097891.3139114035
TFIM,cnot_count,14.660472873580781,55781.75533484549,504760.9560300271,7607290.77221412
TFIM,cnot_count,14.982583299511058,58897.633382782726,529393.7583707724,8153241.669439156
TFIM,cnot_count,15.311770927342508,62187.559306254705,555221.7641733,8738366.941738553
TFIM,cnot_count,15.64819125277696,65661.25513626236,582302.6718924738,9365477.773216961
TFIM,cnot_count,15.992003187967242,69328.9859606326,610696.9528383191,10037587.1080903
TFIM,cnot_count,16.34336913658117,73201.59025828812,640467.9838967525,10757924.132816078
TFIM,cnot_count,16.702455070514905,77290.51192794075,671682.1865799257,11529949.797828933
TFIM,cnot_count,17.06943060829173,81607.8341058549,704409.1727070364,12357373.453514598
TFIM,cnot_count,17.444469095183393,86166.31487261725,738721.8970307448,13244170.680414688
TFIM,cnot_count,17.827747685091843,90979.42495442815,774696.8171392987,14194602.399395334
TFIM,cnot_count,18.21944742422992,96061.38753032402,812414.060980015,15213235.353669703
TFIM,cnot_count,18.619753336640752,101427.22026296954,851957.602366285,16304964.061161846
TFIM,cnot_count,19.02885451159604,107092.77967721895,893415.4448472873,17475034.342767067
TFIM,cnot_count,19.44694419291464,113074.80801759263,936879.8143376341,18729068.539647076
TFIM,cnot_count,19.8742198702436,119390.98272313573,982447.360922975,20073092.540815428
TFIM,cnot_count,20.310883372344712,126059.96866586228,1030219.3702772566,21513564.75097976
TFIM,cnot_count,20.757140962430768,133101.47330715248,1080301.985148016,23057407.13793232
TFIM,cnot_count,21.213203435596434,140536.3049350988,1132806.437387607,24712038.508786827
TFIM,cnot_count,21.679286218389816,148386.4341548931,1187849.2910310098,26485410.175072134
TFIM,cnot_count,22.15560947057181,156675.0588139691,1245552.696944419,28386044.178187855
TFIM,cnot_count,22.642398189111127,165426.67255375374,1306044.659593737,30423074.259033445
TFIM,cnot_count,23.13988231446432,174667.137190613,1369459.316508028,32606289.768823683
TFIM,cnot_count,23.648296839190905,184423.75913987454,1435937.231040194,34946182.732247695
TFIM,cnot_count,24.167881918954894,194725.3701087759,1505625.699055657,37453998.28928576
TFIM,cnot_count,24.69888298596521,205602.41229678664,1578679.0702096208,40141788.75824935
TFIM,cnot_count,25.241550864908476,217087.02835508288,1655259.0845048015,43022471.58002389
TFIM,cnot_count,25.796141891429063,229213.15637101163,1735535.2248541662,46109891.42215924
TFIM,cnot_count,26.362918033212313,242016.63015823293,1819685.0864075217,49418886.741457395
TFIM,cnot_count,26.942147013728064,255535.28514890408,1907894.7634366543,52965361.12515075
TFIM,cnot_count,27.534102438693033,269809.0702008331,2000359.2546113261,56766359.753744
TFIM,cnot_count,28.13906392531178,284880.1656499933,2097282.8875377383,60840151.353223644
TFIM,cnot_count,28.75731723435717,300793.10795726185,2198879.7634722725,65206316.03074067
TFIM,cnot_count,29.389154405152908,317594.92131772166,2305374.2231665053,69885839.41616447
TFIM,cnot_count,30.034873893521777,335335.2566214418,2417001.334844617,74901213.56223616
TFIM,cnot_count,30.694780712764878,354066.5381763893,2534007.4053616393,80276545.08855215
TFIM,cnot_count,31.3691865777382,373844.1186270327,2656650.5156405377,86037671.0894397
TFIM,cnot_count,32.05841005209491,394726.4425264528,2785201.081537911,92212283.36314104
TFIM,cnot_count,32.76277669876267,416775.21904532786,2919942.4413426323,98830061.55972736
TFIM,cnot_count,33.48261923372717,440055.60432815517,3061171.4711682005,105922815.88806242
TFIM,cnot_count,34.218277683194565,464636.39403559855,3209199.2295596804,113524640.06811064
TFIM,cnot_count,34.97009954420676,490590.2266419366,3364351.6326978966,121672075.26415677
TFIM,cnot_count,35.7384399487859,517993.7980883764,3526970.1616493547,130404285.78731392
TFIM,cnot_count,36.523661831685196,546928.0884265477,3697412.6031783237,139763247.41230178
TFIM,cnot_count,37.32613610182542,577478.6011219426,3876053.8257093485,149793949.21414006
TFIM,cnot_count,38.14624181749827,609735.6157244467,4063286.592103395,160544609.8954344
TFIM,cnot_count,38.984366365418985,643794.4546526393,4259522.410989122,172066909.64461532
TFIM,cnot_count,39.840905643713086,679755.7648802302,4465192.428473265,184416238.64017475
TFIM,cnot_count,40.71626424892361,717725.8153570417,4680748.362140027,197651963.39604026
TFIM,cnot_count,41.61085566712708,757816.8110434371,4906663.479339332,211837712.22898942
TFIM,cnot_count,42.52510246924868,800147.2244862205,5143433.621858381,227041681.22099367
TFIM,cnot_count,43.4594365106685,844842.1459157938,5391578.279169728,243336962.14796412
TFIM,cnot_count,44.41429913521372,892033.6528992049,5651641.7125522075,260801893.9519828
TFIM,cnot_count,45.39014138363255,941861.2006413914,5924194.132489887,279520439.4473776
TFIM,cnot_count,46.38742420664875,994472.0340880249,6209832.931867131,299582589.0723287
TFIM,cnot_count,47.40661868269723,1050021.6230477472,6509183.977596813,321084793.62778276
TFIM,cnot_count,48.44820624044346,1108674.1216196276,6822902.963442975,344130428.08487046
TFIM,cnot_count,49.512678886192134,1170602.853283491,7151676.826929735,368830288.69143486
TFIM,cnot_count,50.60053943629218,1235990.8230865917,7496225.233363712,395303125.76844656
TFIM,cnot_count,51.712301754648045,1305031.2584402235,7857302.130140991,423676214.75872135
TFIM,cnot_count,52.848490995449545,1377928.1801243247,8235697.374658233,454085968.2743447
TFIM,cnot_count,54.009643851234536,1454897.005187483,8632238.439304292,486678592.08637464
TFIM,cnot_count,55.19630880640215,1536165.183523954,9047792.197172727,521610788.2117492
TFIM,cnot_count,56.40904639629592,1621972.8700088197,9483266.792306427,559050508.4788662
TFIM,cnot_count,57.64842947197929,1712573.6341775514,9939613.598466026,599177762.1960303
TFIM,cnot_count,58.9150434708288,1808235.209547104,10417829.270600878,642185481.8072153
TFIM,cnot_count,60.20948669307217,1909240.284792838,10918957.89339885,688280450.6984872
TFIM,cnot_count,61.53237058440274,2015887.3391193529,11444093.231496824,737684297.6173257
TFIM,cnot_count,62.88432002480307,2128491.5242937347,11994381.086150162,790634562.4874864
TFIM,cnot_count,64.26597362371439,2247385.5959477397,12571021.763383983,847385838.7454219
TFIM,cnot_count,65.67798402169159,2372920.8969010566,13175272.658888197,908210997.6923456
TFIM,cnot_count,67.12101819868548,2505468.3954113284,13808450.965161972,973402500.750424
TFIM,cnot_count,68.59575778909897,2645419.7814191924,14471936.506676681,1043273805.934424
TFIM,cnot_count,70.10289940376505,2793188.6240277393,15167174.709094979,1118160875.3032937
TFIM,cnot_count,71.64315495899928,2949211.5936369323,15895679.708869083,1198423790.641815
TFIM,cnot_count,73.21725201288207,3113949.752344448,16659037.609837893,1284448485.1429603
TFIM,cnot_count,74.8259341089292,3287889.916426184,17458909.893756215,1376648599.4195821
TFIM,cnot_count,76.46996112731358,3471546.094922727,18297036.99201216,1475467470.7720764
TFIM,cnot_count,78.15010964380372,3665461.0085829576,19175242.026133575,1581380265.2794657
TFIM,cnot_count,79.86717329658855,3870207.6936532888,20095434.725039016,1694896262.9683473
TFIM,cnot_count,81.62196316116182,4086391.195252053,21059615.527366105,1816561307.0504494
TFIM,cnot_count,83.41530813344343,4314650.355332964,22069879.877597693,1946960429.008598
TFIM,cnot_count,85.24805532131816,4555659.700521299,23128422.725121107,2086720662.1565802
TFIM,cnot_count,87.12107044477719,4810131.435401608,24237543.2357818,2236514057.205261
TFIM,cnot_count,89.03523824485134,5078817.547147166,25399649.72594366,2397060914.338302
TFIM,cnot_count,90.99146290152896,5362512.027710577,26617264.829538383,2569133247.3428273
TFIM,cnot_count,92.99066846085631,5662053.220142462,27893030.9090816,2753558496.4559317
TFIM,cnot_count,95.03379927142147,5978326.295971506,29229715.72214292,2951223507.784626
TFIM,cnot_count,97.12182043042883,6312265.870967069,30630218.355306603,3163078798.4387217
TFIM,cnot_count,99.25571823957421,6664858.767013925,32097575.43821544,3390143127.8902407
TFIM,cnot_count,101.43650067093625,7037146.928260956,33634967.65088927,3633508397.546295
TFIM,cnot_count,103.665197843104,7430230.500161032,35245726.53812614,3894344902.1002216
TFIM,cnot_count,105.94286250776592,7845271.08050119,36933341.645442575,4173906957.918812
TFIM,cnot_count,108.27057054698918,8283495.15202986,38701467.991690814,4473538935.535367
TFIM,cnot_count,110.64942148142616,8746197.706825249,40553933.894200705,4794681725.263907
TFIM,cnot_count,113.08053898968528,9234746.073115058,42494749.16303494,5138879667.031152
TFIM,cnot_count,115.56507143911476,9750583.95585589,44528113.68173409,5507787977.757055
TFIM,cnot_count,118.10419242824729,10295235.703013148,46658426.39273417,5903180712.007085
TFIM,cnot_count,120.69910134116297,10870310.810148073,48890294.70649918,6326959294.204395
TFIM,cnot_count,123.35102391403348,11477508.676623946,51228544.35430325,6781161663.43954
TFIM,cnot_count,126.06121281411222,12118623.627486013,53678229.70553328,7267972074.86105
TFIM,cnot_count,128.8309482314475,12795550.21585588,56244644.571365386,7789731604.789178
TFIM,cnot_count,131.66153848359525,13510288.821508203,58933333.51768491,8348949410.078848
TFIM,cnot_count,134.5543206336179,14264951.562175537,61750103.711205766,8948314795.8865
TFIM,cnot_count,137.51066112166308,15061768.535048943,64701037.32386573,9590710149.883226
TFIM,cnot_count,140.53195641041683,15903094.40691786,67792504.5217371,10279224805.123837
TFIM,cnot_count,143.6196336447404,16791415.37242606,71031177.06594883,11017169898.249733
TFIM,cnot_count,146.77515132579862,17729356.50100253,74424042.55438375,11808094294.486969
TFIM,cnot_count,150.0,18719689.4941813,77978419.33427505,12655801656.037695
TFIM,t_count,3.0,87643.25061581217,829953.7771689631,408292.37833853526
TFIM,t_count,3.065914059261501,92725.75225118347,873889.9258704039,438285.14496195014
TFIM,t_count,3.1332763395924443,98102.99218861492,920123.2455836431,470425.61957202794
TFIM,t_count,3.2021186603692957,103792.06253607527,968772.5463425912,504865.55478874757
TFIM,t_count,3.2724735400832756,109811.04658643377,1019962.7247977074,541767.3826412197
TFIM,t_count,3.3443742117008566,116179.07629706037,1073825.0734198273,581304.9652994163
TFIM,t_count,3.417854638361751,122916.39310271072,1130497.6052947973,623664.3984904665
TFIM,t_count,3.492949529421809,130044.4122550008,1190125.395289767,669044.8712927364
TFIM,t_count,3.5696943568483883,137585.79089297744,1252860.938410919,717659.5862596612
TFIM,t_count,3.648125371975972,145564.5000611567,1318864.5262132701,769736.7441022677
TFIM,t_count,3.7282796226299086,154005.90090394285,1388304.6421658443,825520.5974554808
TFIM,t_count,3.8101949706263993,162936.82527862457,1461358.376920657,885272.5785703092
TFIM,t_count,3.89391010965698,172385.66104318268,1538211.8644809478,949272.5061131528
TFIM,t_count,3.9794645835659415,182382.44229000318,1619060.7403137372,1017819.8766162717
TFIM,t_count,4.066898805029345,192958.94481231706,1704110.6225036352,1091235.246511688
TFIM,t_count,4.156254074644423,204148.78710681564,1793577.6170993617,1169861.711096205
TFIM,t_count,4.247572600438411,215987.5372334823,1887688.8488617344,1254066.4872195008
TFIM,t_count,4.340897517806019,228512.8258723195,1986683.018681836,1344242.606962903
TFIM,t_count,4.436272909884942,241764.46593631557,2090810.989001054,1440810.730084999
TFIM,t_count,4.533743828379057,255784.57912087042,2200336.3986309697,1544221.0835546092
TFIM,t_count,4.633356314839137,270617.7297919164,2315536.3084402527,1654955.5370740527
TFIM,t_count,4.735157422411122,286311.06663832144,2436701.8794487244,1773529.8241184242
TFIM,t_count,4.839195238062237,302914.4725388282,2564139.084944996,1900495.9186835708
TFIM,t_count,4.945518905295439,320480.7231198909,2698169.458324386,2036444.578648277
TFIM,t_count,5.054178647362944,339065.6545084113,2839130.8784279358,2182008.0674194386
TFIM,t_count,5.165225790989775,358728.34081259015,2987378.3942516404,2337863.066345425
TFIM,t_count,5.278712790618552,379531.2818950274,3143285.0909875534,2504733.791255897
TFIM,t_count,5.3946932531869765,401540.60203494044,3307242.999455836,2683395.3274213066
TFIM,t_count,5.5132219634497055,424826.26011095854,3479664.0510886586,2874677.198224758
TFIM,t_count,5.634354909856582,449462.27197258384,3660981.0807339824,3079467.1839085645
TFIM,t_count,5.758149310999454,475526.94570715376,3851648.879659631,3298715.4079023446
TFIM,t_count,5.884663642640049,503103.1305501163,4052145.3012556396,3533438.7094637402
TFIM,t_count,6.0139576653317075,532278.4802298105,4262972.422056933,3784725.3226727094
TFIM,t_count,6.146092452647985,563145.7315838226,4484657.760837853,4053739.8832218023
TFIM,t_count,6.281130420031485,595802.9993325245,4717755.558666116,4341728.7859439235
TFIM,t_count,6.419135354276543,630354.08794676,4962848.1229470745,4650025.917623501
TFIM,t_count,6.560172443659668,666908.821600994,5220547.23863837,4980058.791352352
TFIM,t_count,6.704308308732018,705583.3932606977,5491495.649972955,5333355.1105284635
TFIM,t_count,6.851611033788396,746500.73401359,5776368.616193037,5711549.792558692
TFIM,t_count,7.002150199027691,789790.9038186958,6075875.544970727,6116392.484429192
TFIM,t_count,7.155996913419903,835591.5049152472,6390761.7073728405,6549755.604554207
TFIM,t_count,7.313223848295327,884048.1192054956,6721810.038417778,7013642.947719668
TFIM,t_count,7.473905271671715,935314.771001706,7069843.027472505,7510198.892510533
TFIM,t_count,7.638117083335653,989554.4166082019,7435724.702946958,8041718.253363752
TFIM,t_count,7.805936850694743,1046939.4622946829,7820362.715963897,8610656.822333531
TFIM,t_count,7.977443845417484,1107652.3123072025,8224710.527912685,9219642.648805505
TFIM,t_count,8.152719080878196,1171885.9486587541,8649769.707037551,9871488.108767623
TFIM,t_count,8.331845350424656,1239844.544542376,9096592.339465609,10569202.818850262
TFIM,t_count,8.514907266486507,1311744.1133165392,9566283.560345845,11316007.454205599
TFIM,t_count,8.701991300542966,1387813.1951257568,10060004.211050289,12115348.533423545
TFIM,t_count,8.893185823968649,1468293.5833388283,10578973.62868214,12970914.238094674
TFIM,t_count,9.08858114977685,1553441.0931138527,11124472.574442908,13886651.339354642
TFIM,t_count,9.288269575279967,1643526.3745328842,11697846.307734508,14866783.308795338
TFIM,t_count,9.492345425687235,1738835.7728909615,12300507.813209424,15915829.696533961
TFIM,t_count,9.700905098660364,1839672.2388739563,12933941.188339498,17038626.8650126
TFIM,t_count,9.914047109848129,1946356.291518361,13599705.199444951,18240350.173285745
TFIM,t_count,10.131872139421406,2059227.0370138725,14299437.014517099,19526537.71317116
TFIM,t_count,10.354483079630663,2178643.2465871805,15034856.121578865,20903115.705716506
TFIM,t_count,10.581985083408325,2304984.496893023,15807768.441756168,22376425.674008038
TFIM,t_count,10.814485614039024,2438652.3765374906,16620070.646687068,23953253.516446773
TFIM,t_count,11.052094495921164,2580071.762568544,17473754.690366324,25640860.613284342
TFIM,t_count,11.294923966443777,2729692.170991229,18370912.56602244,27447017.108480208
TFIM,t_count,11.543088729003218,2887989.1856003623,19313741.29914337,29380037.518858932
TFIM,t_count,11.796706007184646,3055465.96967231,20304548.188314874,31448818.833153136
TFIM,t_count,12.055895600134004,3232654.865321043,21345756.306109335,33662881.27486865
TFIM,t_count,12.320779939146572,3420119.0856020395,22439910.27286177,36032411.91504505
TFIM,t_count,12.591484145498839,3618454.5047426927,23589682.316804864,38568311.33397213
TFIM,t_count,12.86813608955106,3828291.5521896,24797878.634691983,41282243.54481474
TFIM,t_count,13.150866451148302,4050297.216493103,26067446.067736104,44186689.40695778
TFIM,t_count,13.439808781348662,4285177.165398734,27401479.10841613,47295003.77277978
TFIM,t_count,13.73509956550768,4533677.9888844555,28803227.254468773,50621476.62856803
TFIM,t_count,14.036878287748836,4796589.572273342,30276102.72718568,54181398.50847871
TFIM,t_count,14.345287496850554,5074747.606965017,31823688.57197248,57991130.47990227
TFIM,t_count,14.660472873580781,5369036.246766367,33449747.160011332,62068179.01941089
TFIM,t_count,14.982583299511058,5680390.918264982,35158229.11079074,66431276.1207283
TFIM,t_count,15.311770927342508,6009801.294178417,36953282.65623839,71100464.99998076
TFIM,t_count,15.64819125277696,6358314.439130238,38839263.468205705,76097191.78896272
TFIM,t_count,15.992003187967242,6727038.137852272,40820744.97212307,81444403.63441344
TFIM,t_count,16.34336913658117,7117144.416391773,42902529.17076407,87166653.65043348
TFIM,t_count,16.702455070514905,7529873.267516321,45089658.00322517,93290213.20237836
TFIM,t_count,17.06943060829173,7966536.592157839,47387425.26546485,99843192.03390434
TFIM,t_count,17.444469095183393,8428522.369424067,49801389.12003031,106855666.78452836
TFIM,t_count,17.827747685091843,8917299.068432486,52337385.22396191,114359818.48324515
TFIM,t_count,18.21944742422992,9434420.315989492,55001540.50527351,122390079.6445351
TFIM,t_count,18.619753336640752,9981529.834952792,57800287.61990899,130983291.63682315
TFIM,t_count,19.02885451159604,10560366.668972528,60740380.122627616,140178873.0401022
TFIM,t_count,19.44694419291464,11172770.71021983,63828908.38691265,150018999.75944778
TFIM,t_count,19.8742198702436,11820688.547672516,67073316.31071572,160548797.71458605
TFIM,t_count,20.310883372344712,12506179.654547565,70481418.84664911,171816548.98283252
TFIM,t_count,20.757140962430768,13231422.934547652,74061420.39712662,183873912.33389962
TFIM,t_count,21.213203435596434,13998723.647729952,77821934.11694461,196776159.1604699
TFIM,t_count,21.679286218389816,14810520.738011107,81772002.16785376,210582425.87839794
TFIM,t_count,22.15560947057181,15669394.585600479,85921116.97187522,225355983.9452728
TFIM,t_count,22.642398189111127,16578075.20900292,90279243.51237766,241164528.7260776
TFIM,t_count,23.13988231446432,17539450.942662198,94856842.73434737,258080488.5203746
TFIM,t_count,23.648296839190905,18556577.617828127,99664896.09778208,276181355.1569881
TFIM,t_count,24.167881918954894,19632688.275828872,104714931.34078854,295550037.6601546
TFIM,t_count,24.69888298596521,20771203.44462423,110019049.51171458,316275240.59589
TFIM,t_count,25.241550864908476,21975742.011304073,115589953.33255851,338451868.8194185
TFIM,t_count,25.796141891429063,23250132.725091677,121440976.95892984,362181460.4644035
TFIM,t_count,26.362918033212313,24598426.367415246,127586117.20502335,387572650.142945
TFIM,t_count,26.942147013728064,26024908.627731968,134040066.30542009,414741664.4625025
TFIM,t_count,27.534102438693033,27534113.72603046,140818246.2890229,443812852.1125845
TFIM,t_count,28.13906392531178,29130838.82531382,147936845.04412118,474919250.9310119
TFIM,t_count,28.75731723435717,30820159.279873542,155412854.1574235,508203194.5273795
TFIM,t_count,29.389154405152908,32607444.767823033,163264108.61395264,543816961.2209184
TFIM,t_count,30.034873893521777,34498376.35916956,171509328.44892064,581923468.24194
TFIM,t_count,30.694780712764878,36498964.57367708,180168162.4471649,622697014.3514905
TFIM,t_count,31.3691865777382,38615568.48591952,189261233.9903683,666324074.2535313
TFIM,t_count,32.05841005209491,40854915.938249975,198810189.15718907,713004148.4088784
TFIM,t_count,32.76277669876267,43224124.92593727,208837747.18654856,762950672.111606
TFIM,t_count,33.48261923372717,45730726.222442985,219367753.41968486,816391987.9572421
TFIM,t_count,34.218277683194565,48382687.31675628,230425234.84224257,873572386.1198763
TFIM,t_count,34.97009954420676,51188437.73887386,242036458.3535481,934753217.1625367
TFIM,t_count,35.7384399487859,54156895.85392436,254228991.8964401,1000214082.4344167
TFIM,t_count,36.523661831685196,57297497.21010619,267031768.58751112,1070254107.4601443
TFIM,t_count,37.32613610182542,60620224.53054297,280475153.9944144,1145193304.1026804
TFIM,t_count,38.14624181749827,64135639.4443923,294591016.71407646,1225374027.6839573
TFIM,t_count,38.984366365418985,67854916.05806571,309412802.41308016,1311162535.6776695
TFIM,t_count,39.840905643713086,71789876.4732706,324975611.49939764,1402950655.0492837
TFIM,t_count,40.71626424892361,75953028.36477117,341316280.60285926,1501157565.8106115
TFIM,t_count,41.61085566712708,80357604.7373151,358473468.0503599,1606231708.883113
TFIM,t_count,42.52510246924868,85017605.98809299,376487743.53090036,1718652826.9273727
TFIM,t_count,43.4594365106685,89947844.40843607,395401682.15500766,1838934147.398696
TFIM,t_count,44.41429913521372,95163991.26620132,415259963.12306076,1967624717.733378
TFIM,t_count,45.39014138363255,100682626.61850153,436109473.2274698,2105311903.2591753
TFIM,t_count,46.38742420664875,106521292.013115,457999415.42459023,2252624059.161035
TFIM,t_count,47.40661868269723,112698546.24609351,480981422.7237386,2410233388.6212196
TFIM,t_count,48.44820624044346,119234024.35279438,505109677.6526891,2578859000.0967026
TFIM,t_count,49.512678886192134,126148500.0198533,530441037.57164294,2759270177.598132
TFIM,t_count,50.60053943629218,133463951.61647479,557035166.1208866,2952289878.7997656
TFIM,t_count,51.712301754648045,141203632.05493024,584954671.1011993,3158798476.841249
TFIM,t_count,52.848490995449545,149392142.70232087,614265249.1006222,3379737762.7855678
TFIM,t_count,54.009643851234536,158055511.57854536,645035837.1964368,3616115226.877974
TFIM,t_count,55.19630880640215,167221276.0890241,677338772.0771084,3869008638.012255
TFIM,t_count,56.40904639629592,176918570.55516526,711249956.945832,4139570942.1618114
TFIM,t_count,57.64842947197929,187178218.82078943,746849036.584711,4429035501.975498
TFIM,t_count,58.9150434708288,198032832.22887444,784219580.977128,4738721701.283735
TFIM,t_count,60.20948669307217,209516913.28004983,823449277.9051243,5070040939.910851
TFIM,t_count,61.53237058440274,221666965.3023294,864630134.9587959,5424503045.9566345
TFIM,t_count,62.88432002480307,234521608.48067755,907858691.4159995,5803723134.599513
TFIM,t_count,64.26597362371439,248121702.61522698,953236240.4728167,6209428944.492946
TFIM,t_count,65.67798402169159,262510476.99833372,1000869062.3286153,6643468684.989333
TFIM,t_count,67.12101819868548,277733667.8233146,1050868668.6538845,7107819429.735165
TFIM,t_count,68.59575778909897,293839663.56162184,1103352058.9947846,7604596094.654225
TFIM,t_count,70.10289940376505,310879658.7705565,1158441989.6950293,8136061040.978165
TFIM,t_count,71.64315495899928,328907816.8204116,1216267255.944051,8704634346.811666
TFIM,t_count,73.21725201288207,347981442.0582979,1276962987.5897658,9312904793.742792
TFIM,t_count,74.8259341089292,368161161.9558741,1340670959.3853436,9963641618.242992
TFIM,t_count,76.46996112731358,389511119.81998074,1407539916.3716903,10659807081.05994
TFIM,t_count,78.15010964380372,412099178.6787104,1477725915.131456,11404569911.505352
TFIM,t_count,79.86717329658855,435997136.99099416,1551392681.6859891,12201319687.495234
TFIM,t_count,81.62196316116182,461280956.8653581,1628711986.8440266,13053682216.431814
TFIM,t_count,83.41530813344343,488031005.513265,1709864039.8501146,13965535986.54031
TFIM,t_count,85.24805532131816,516332310.70453507,1795037901.2218018,14941029763.112917
TFIM,t_count,87.12107044477719,546274831.0368125,1884431915.7076452,15984601409.288675
TFIM,t_count,89.03523824485134,577953741.8781896,1978254166.3433838,17100998016.531038
TFIM,t_count,90.99146290152896,611469737.8918622,2076722950.630673,18295297435.88626
TFIM,t_count,92.99066846085631,646929353.1044312,2180067279.9125767,19572931307.43553
TFIM,t_count,95.03379927142147,684445299.5352196,2288527403.0719876,20939709692.122723
TFIM,t_count,97.12182043042883,724136825.4629687,2402355355.73342,22401847417.38448
TFIM,t_count,99.25571823957421,766130094.4687182,2521815536.2060804,23965992255.748306
TFIM,t_count,101.43650067093625,810558586.4596567,2647185309.4656963,25639255063.848988
TFIM,t_count,103.665197843104,857563521.9486904,2778755640.535603,27429242018.169395
TFIM,t_count,105.94286250776592,907294310.9383065,2916831758.6931376,29344089093.286
TFIM,t_count,108.27057054698918,959909027.8355716,3061733853.9964595,31392498938.523075
TFIM,t_count,110.64942148142616,1015574913.9078275,3213797807.6995053,33583780319.76395
TFIM,t_count,113.08053898968528,1074468908.8761866,3373375958.1978173,35927890304.7405
TFIM,t_count,115.56507143911476,1136778213.3365757,3540837904.22834,38435479382.52585
TFIM,t_count,118.10419242824729,1202700883.795985,3716571347.1288395,41117939721.194405
TFIM,t_count,120.69910134116297,1272446462.2153776,3900982974.050165,43987456781.79342
TFIM,t_count,123.35102391403348,1346236642.060274,4094499384.105988,47057064521.92431
TFIM,t_count,126.06121281411222,1424305972.976141,4297568059.5404825,50340704438.431595
TFIM,t_count,128.8309482314475,1506902606.3284626,4510658384.095433,53853288716.04628
TFIM,t_count,131.66153848359525,1594289083.9772952,4734262710.862327,57610767767.35077
TFIM,t_count,134.5543206336179,1686743172.7934318,4968897482.017052,61630202469.26958
TFIM,t_count,137.51066112166308,1784558747.568876,5215104402.94929,65929841422.48493
TFIM,t_count,140.53195641041683,1888046725.1279674,5473451673.420431,70529203582.845
TFIM,t_count,143.6196336447404,1997536052.6083548,5744535278.511515,75449166638.09526
TFIM,t_count,146.77515132579862,2113374753.0531719,6028980342.254692,80712061529.16911
TFIM,t_count,150.0,2235931031.6379213,6327442546.983005,86341773543.02945
Heisenberg,cnot_count,3.0,3118.310273396006,33892.73610190029,70938.63865262421
Heisenberg,cnot_count,3.065914059261501,3292.8920911445775,35509.13660509259,75679.00378464513
Heisenberg,cnot_count,3.1332763395924443,3477.2480520720515,37202.29769572638,80788.94823381722
Heisenberg,cnot_count,3.2021186603692957,3671.9253716680564,38975.851594060456,86297.09989871838
Heisenberg,cnot_count,3.2724735400832756,3877.5019018459757,40833.60186846873,92234.3057123608
Heisenberg,cnot_count,3.3443742117008566,4094.587846154722,42779.53149738969,98633.79828183351
Heisenberg,cnot_count,3.417854638361751,4323.827571018399,44817.81130972008,105531.37485911981
Heisenberg,cnot_count,3.492949529421809,4565.901518380194,46952.808821377985,112965.58953422021
Heisenberg,cnot_count,3.5696943568483883,4821.528225427427,49189.09748659544,120977.95960602333
Heisenberg,cnot_count,3.648125371975972,5091.466457393181,51531.466383364954,129613.18715522463
Heisenberg,cnot_count,3.7282796226299086,5376.517459764917,53984.930353374664,138919.39691734713
Heisenberg,cnot_count,3.8101949706263993,5677.527336585308,56554.74061771413,148948.39163291996
Heisenberg,cnot_count,3.89391010965698,5995.389561904794,59246.39589063294,159755.926136471
Heisenberg,cnot_count,3.9794645835659415,6331.047631840308,62065.654014672036,171402.0015366034
Heisenberg,cnot_count,4.066898805029345,6685.497865112238,65018.544141577135,183951.1809365012
Heisenberg,cnot_count,4.156254074644423,7059.79236037245,68111.3794845477,197472.92824813415
Heisenberg,cnot_count,4.247572600438411,7455.042119101261,71350.77066856701,212041.9717648065
Heisenberg,cnot_count,4.340897517806019,7872.420343343021,74743.63970680941,227738.6942759298
Heisenberg,cnot_count,4.436272909884942,8313.16591806894,78297.23463242818,244649.55163562731
Heisenberg,cnot_count,4.533743828379057,8778.587088503458,82019.1448163971,262867.52183359314
Heisenberg,cnot_count,4.633356314839137,9270.065343329594,85917.31700351482,282492.58676315076
Heisenberg,cnot_count,4.735157422411122,9789.05951529955,90000.07210017456,303632.24903837737
Heisenberg,cnot_count,4.839195238062237,10337.110111422164,94276.12274907801,326402.0863802486
Heisenberg,cnot_count,4.945518905295439,10915.843885580533,98754.59172771349,350926.34627179295
Heisenberg,cnot_count,5.054178647362944,11526.978667152112,103445.03120913665,377338.583774986
Heisenberg,cnot_count,5.165225790989775,12172.328459964363,108357.4429253919,405782.3456087006
Heisenberg,cnot_count,5.278712790618552,12853.808826720471,113502.29927580396,436411.9038080537
Heisenberg,cnot_count,5.3946932531869765,13573.442574877832,118890.56542432494,469393.04252245853
Heisenberg,cnot_count,5.5132219634497055,14333.365760856153,124533.72243220829,504903.9017632272
Heisenberg,cnot_count,5.634354909856582,15135.8340303976,130443.79147441735,543135.8821833237
Heisenberg,cnot_count,5.758149310999454,15983.229313898284,136633.3591904565,584294.6152626877
Heisenberg,cnot_count,5.884663642640049,16878.06689658496,143115.60422266877,628601.003584174
Heisenberg,cnot_count,6.0139576653317075,17823.002884522684,149904.32499752034,676292.3362187804
Heisenberg,cnot_count,6.146092452647985,18820.842088614885,157013.9688079894,727623.4845961354
Heisenberg,cnot_count,6.281130420031485,19874.54634999707,164459.66225788483,782868.1846188831
Heisenberg,cnot_count,6.419135354276543,20987.243331536407,172257.243131764,842320.4111893176
Heisenberg,cnot_count,6.560172443659668,22162.235801532326,180423.29375708377,906295.8517555073
Heisenberg,cnot_count,6.704308308732018,23403.01143717499,188975.17592833415,975133.4859539635
Heisenberg,cnot_count,6.851611033788396,24713.25317686024,197931.0674661597,1049197.2789291542
Heisenberg,cnot_count,7.002150199027691,26096.850152089464,207310.00048787674,1128877.9964490118
Heisenberg,cnot_count,7.155996913419903,27557.909231403628,217131.90146935976,1214595.1505125365
Heisenberg,cnot_count,7.313223848295327,29100.76721061589,227417.6331820053,1306799.0847635628
Heisenberg,cnot_count,7.473905271671715,30730.003685527176,238189.03859238754,1405973.2096862665
Heisenberg,cnot_count,7.638117083335653,32450.45464533406,249468.98681629886,1512636.3982665744
Heisenberg,cnot_count,7.805936850694743,34267.22682707729,261281.42122315674,1627345.5535621976
Heisenberg,cnot_count,7.977443845417484,36185.71287373954,273651.40979123,1750698.3604362514
Heisenberg,cnot_count,8.152719080878196,38211.607340984265,286605.19781882653,1883336.2345795096
Heisenberg,cnot_count,8.331845350424656,40350.92360004876,300170.26310147916,2025947.4828772475
Heisenberg,cnot_count,8.514907266486507,42610.01168696277,314375.37369030993,2179270.6901743887
Heisenberg,cnot_count,8.701991300542966,44995.57715107435,329250.6483521224,2344098.3485600273
Heisenberg,cnot_count,8.893185823968649,47514.70095882992,344827.61985738506,2521280.746436054
Heisenberg,cnot_count,9.08858114977685,50174.860511887615,361139.301228161,2711730.135858603
Heisenberg,cnot_count,9.288269575279967,52983.95184195166,378220.2550841856,2916425.1979519557
Heisenberg,cnot_count,9.492345425687235,55950.31304820752,396106.66623175924,3136415.827597855
Heisenberg,cnot_count,9.700905098660364,59082.749046925484,414836.4176468399,3372828.260106088
Heisenberg,cnot_count,9.914047109848129,62390.55770669749,434449.17001078965,3626870.5641807443
Heisenberg,cnot_count,10.131872139421406,65883.55744688054,454986.4449646212,3899838.527219636
Heisenberg,cnot_count,10.354483079630663,69572.11638116905,476491.71225532296,4193121.9608285036
Heisenberg,cnot_count,10.581985083408325,73467.18309279952,499010.4809559052,4508211.456406311
Heisenberg,cnot_count,10.814485614039024,77580.3191327356,522590.3949493126,4846705.622772485
Heisenberg,cnot_count,11.052094495921164,81923.73333730015,547281.3328751851,5210318.840070495
Heisenberg,cnot_count,11.294923966443777,86510.31806711252,573135.5127477429,5600889.566605759
Heisenberg,cnot_count,11.543088729003218,91353.68747490254,600207.6014627396,6020389.237870507
Heisenberg,cnot_count,11.796706007184646,96468.21791578615,628554.8294216315,6470931.799787151
Heisenberg,cnot_count,12.055895600134004,101869.09061995163,658237.1105117069,6954783.921174557
Heisenberg,cnot_count,12.320779939146572,107572.33675442224,689317.1676920584,7474375.933627846
Heisenberg,cnot_count,12.591484145498839,113594.88500764506,721860.6644469097,8032313.550409993
Heisenberg,cnot_count,12.86813608955106,119954.61183815607,755936.3423800252,8631390.41960459
Heisenberg,cnot_count,13.150866451148302,126670.39453646449,791616.1652366035,9274601.570686253
Heisenberg,cnot_count,13.439808781348662,133762.1672576636,828975.4696525291,9965157.817848908
Heisenberg,cnot_count,13.73509956550768,141250.98019108607,868093.122944669,10706501.187911889
Heisenberg,cnot_count,14.036878287748836,149159.0620426302,909051.6882706376,11502321.445416901
Heisenberg,cnot_count,14.345287496850554,157509.88601522858,951937.5975016853,12356573.792664977
Heisenberg,cnot_count,14.660472873580781,166328.23948329504,996841.3321683825,13273497.8279369
Heisenberg,cnot_count,14.982583299511058,175640.29756797358,1043857.6128555131,14257637.85102411
Heisenberg,cnot_count,15.311770927342508,185473.70083156982,1093085.5974401692,15313864.611497173
Heisenberg,cnot_count,15.64819125277696,195857.63732178518,1144629.0885852834,16447398.601881808
Heisenberg,cnot_count,15.992003187967242,206822.9292092854,1198596.7509201635,17663835.005130783
Heisenberg,cnot_count,16.34336913658117,218402.12427575944,1255102.3383595373,18969170.413511097
Heisenberg,cnot_count,16.702455070514905,230629.59252403193,1314264.9320337798,20369831.444294665
Heisenberg,cnot_count,17.06943060829173,243541.62819699547,1376209.1893249024,21872705.386505973
Heisenberg,cnot_count,17.444469095183393,257176.55750817462,1441065.604525933,23485173.022454195
Heisenberg,cnot_count,17.827747685091843,271574.85240369895,1508970.7816654397,25215143.777933434
Heisenberg,cnot_count,18.21944742422992,286779.2506933546,1580067.7200640948,27071093.36584056
Heisenberg,cnot_count,18.619753336640752,302834.8829073017,1654506.1132167056,29062104.099594124
Heisenberg,cnot_count,19.02885451159604,319789.4062549918,1732442.6616205394,31197908.065188974
Heisenberg,cnot_count,19.44694419291464,337693.146083912,1814041.400199871,33488933.3540579
Heisenberg,cnot_count,19.8742198702436,356599.24525805225,1899474.0410068457,35946353.5731805
Heisenberg,cnot_count,20.310883372344712,376563.82189946505,1988920.3319103217,38582140.86415756
Heisenberg,cnot_count,20.757140962430768,397646.13596116507,2082568.4320176053,41409122.6793298
Heisenberg,cnot_count,21.213203435596434,419908.76512577094,2180615.304608579,44441042.58052088
Heisenberg,cnot_count,21.679286218389816,443417.79055202473,2283267.1283980054,47692625.34473895
Heisenberg,cnot_count,22.15560947057181,468242.99302051467,2390739.7279796936,51179646.68122074
Heisenberg,cnot_count,22.642398189111127,494458.0600608213,2503259.0243460694,54919007.88570038
Heisenberg,cnot_count,23.13988231446432,522140.80467489164,2621061.506418046,58928815.780756034
Heisenberg,cnot_count,23.648296839190905,551373.3963058619,2744394.724563844,63228468.315724246
Heisenberg,cnot_count,24.167881918954894,582242.6047379173,2873517.807130665,67838746.2260025
Heisenberg,cnot_count,24.69888298596521,614840.0576511296,3008702.001060913,72781911.17977305
Heisenberg,cnot_count,25.241550864908476,649262.5125957659,3150231.237714519,78081810.8703805
Heisenberg,cnot_count,25.796141891429063,685612.1441933716,3298402.725070943,83763991.54490511
Heisenberg,cnot_count,26.362918033212313,723996.8474170902,3453527.5675391485,89855818.49408326
Heisenberg,cnot_count,26.942147013728064,764530.5578514462,3615931.414660855,96386605.06575705
Heisenberg,cnot_count,27.534102438693033,807333.5898822119,3785955.1400523153,103387750.80368948
Heisenberg,cnot_count,28.13906392531178,852532.9938201734,3963955.5519921463,110892889.3560117
Heisenberg,cnot_count,28.75731723435717,900262.9330188365,4150306.137128446,118938046.84301093
Heisenberg,cnot_count,29.389154405152908,950665.0821054709,4345397.838846779,127561811.42259727
Heisenberg,cnot_count,30.034873893521777,1003889.0475075152,4549639.871912362,136805514.84383342
Heisenberg,cnot_count,30.694780712764878,1060092.8115225937,4763460.575074726,146713426.83466148
Heisenberg,cnot_count,31.3691865777382,1119443.2012502525,4987308.303401635,157332963.22958818
Heisenberg,cnot_count,32.05841005209491,1182116.3837773108,5221652.362191142,168714908.8069669
Heisenberg,cnot_count,32.76277669876267,1248298.3890867003,5466983.984396868,180913655.87383416
Heisenberg,cnot_count,33.48261923372717,1318185.6622418587,5723817.353590975,193987459.70948267
Heisenberg,cnot_count,34.218277683194565,1391985.646485784,5992690.674583885,207998712.05719393
Heisenberg,cnot_count,34.97009954420676,1469917.3989854327,6274167.293918283,223014233.93748188
Heisenberg,cnot_count,35.7384399487859,1552212.241049261,6568836.87255769,239105589.14585277
Heisenberg,cnot_count,36.523661831685196,1639114.4447478186,6877316.613197771,256349419.8942336
Heisenberg,cnot_count,37.32613610182542,1730881.9579755424,7200252.544741863,274827806.15797937
Heisenberg,cnot_count,38.14624181749827,1827787.1701058564,7538320.866599601,294628650.4005082
Heisenberg,cnot_count,38.984366365418985,1930117.7205122735,7892229.35559156,315846089.46535665
Heisenberg,cnot_count,39.840905643713086,2038177.352355388,8262718.838371996,338580935.5516667
Heisenberg,cnot_count,40.71626424892361,2152286.814169994,8650564.73241687,362941148.32405454
Heisenberg,cnot_count,41.61085566712708,2272784.811928526,9056578.658766665,389042340.3523061
Heisenberg,cnot_count,42.52510246924868,2400029.0144067225,9481610.12986026,417008318.23111403
Heisenberg,cnot_count,43.4594365106685,2534397.114835717,9926548.31595268,446971661.8955819
Heisenberg,cnot_count,44.41429913521372,2676287.9519918626,10392323.893770806,479074344.82546574
Heisenberg,cnot_count,45.39014138363255,2826122.694051859,10879910.981231336,513468398.0208841
Heisenberg,cnot_count,46.38742420664875,2984346.0887273145,11390329.162222307,550316620.8352807
Heisenberg,cnot_count,47.40661868269723,3151427.7833892964,11924645.605636489,589793341.9687918
Heisenberg,cnot_count,48.44820624044346,3327863.719101453,12483977.283037772,632085234.1578734
Heisenberg,cnot_count,49.512678886192134,3514177.6026995564,13069493.28954757,677392186.3461212
Heisenberg,cnot_count,50.60053943629218,3710922.4612868517,13682417.272748219,725928237.3877559
Heisenberg,cnot_count,51.712301754648045,3918682.283759523,14324029.974626089,777922575.6207544
Heisenberg,cnot_count,52.848490995449545,4138073.7542345915,14995671.891808372,833620608.9518843
Heisenberg,cnot_count,54.009643851234536,4369748.082525588,15698746.059592376,893285110.4230227
Heisenberg,cnot_count,55.19630880640215,4614392.9370993,16434720.965521207,957197444.5780877
Heisenberg,cnot_count,56.40904639629592,4872734.486251066,17205133.598526765,1025658880.3244896
Heisenberg,cnot_count,57.64842947197929,5145539.553557402,18011592.639941305,1098991996.3840828
Heisenberg,cnot_count,58.9150434708288,5433617.894003923,18855781.802969877,1177542185.8577638
Heisenberg,cnot_count,60.20948669307217,5737824.597544454,19739463.32752328,1261679266.8873513
Heisenberg,cnot_count,61.53237058440274,6059062.627226114,20664481.637632027,1351799206.8901906
Heisenberg,cnot_count,62.88432002480307,6398285.499413739,21632767.1689936,1448325968.3682168
Heisenberg,cnot_count,64.26597362371439,6756500.114069593,22646340.37456155,1551713484.8568954
Heisenberg,cnot_count,65.67798402169159,7134769.743489162,23707315.916445903,1662447776.1822588
Heisenberg,cnot_count,67.12101819868548,7534217.188364262,24817907.052782927,1781049212.8402555
Heisenberg,cnot_count,68.59575778909897,7956028.110541941,25980430.228631437,1908074940.00311
Heisenberg,cnot_count,70.10289940376505,8401454.552370781,27197309.880374953,2044121472.3977478
Heisenberg,cnot_count,71.64315495899928,8871818.653082123,28471083.463546805,2189827472.092324
Heisenberg,cnot_count,73.21725201288207,9368516.573236177,29804406.714458216,2345876722.0747547
Heisenberg,cnot_count,74.8259341089292,9893022.638882436,31200059.156488176,2513001309.4144406
Heisenberg,cnot_count,76.46996112731358,10446893.717735298,32660949.86240105,2691985032.7685547
Heisenberg,cnot_count,78.15010964380372,11031773.840354452,34190123.48458143,2883667050.0346236
Heisenberg,cnot_count,79.86717329658855,11649399.08004647,35790766.5656314,3088945783.062305
Heisenberg,cnot_count,81.62196316116182,12301602.705973051,37466214.14235007,3308783097.529164
Heisenberg,cnot_count,83.41530813344343,12990320.624761438,39219956.65671928,3544208777.3589563
Heisenberg,cnot_count,85.24805532131816,13717597.12676831,41055647.188154295,3796325314.4254174
Heisenberg,cnot_count,87.12107044477719,14485590.954055343,42977109.021936506,4066313035.744719
Heisenberg,cnot_count,89.03523824485134,15296581.708085475,44988343.569438025,4355435591.923166
Heisenberg,cnot_count,90.99146290152896,16152976.61616135,47093538.65647414,4665045832.298566
Heisenberg,cnot_count,92.99066846085631,17057317.676689744,49297077.19687476,4996592094.005804
Heisenberg,cnot_count,95.03379927142147,18012289.20448077,51603546.269160844,5351624934.11329
Heisenberg,cnot_count,97.12182043042883,19020725.798478417,54017746.61503805,5731804336.0278015
Heisenberg,cnot_count,99.25571823957421,20085620.755572923,56544702.57929443,6138907423.562719
Heisenberg,cnot_count,101.43650067093625,21210134.95546935,59189672.511589386,6574836718.414451
Heisenberg,cnot_count,103.665197843104,22397606.242983527,61958159.65157486,7041628979.306756
Heisenberg,cnot_count,105.94286250776592,23651559.335617416,64855923.5197897,7541464663.758684
Heisenberg,cnot_count,108.27057054698918,24975716.285818305,67888991.83779368,8076678056.310019
Heisenberg,cnot_count,110.64942148142616,26374007.52898004,71063673.00211658,8649768110.128252
Heisenberg,cnot_count,113.08053898968528,27850583.54997658,74386569.13771772,9263410052.218243
Heisenberg,cnot_count,115.56507143911476,29409827.202859785,77864589.75785434,9920467805.997545
Heisenberg,cnot_count,118.10419242824729,31056366.720287446,81504966.05850405,10624007288.774921
Heisenberg,cnot_count,120.69910134116297,32795089.45129687,85315265.87678276,11377310645.728441
Heisenberg,cnot_count,123.35102391403348,34631156.36820431,89303409.34417714,12183891486.308962
Heisenberg,cnot_count,126.06121281411222,36570017.38568463,93477685.26683001,13047511193.633945
Heisenberg,cnot_count,128.8309482314475,38617427.53750909,97846768.26661237,13972196382.40797
Heisenberg,cnot_count,131.66153848359525,40779464.05895185,102419736.71828647,14962257586.21704
Heisenberg,cnot_count,134.5543206336179,43062544.425573215,107206091.51969272,16022309260.734158
Heisenberg,cnot_count,137.51066112166308,45473445.40192411,112215775.73361221,17157291195.468327
Heisenberg,cnot_count,140.53195641041683,48019323.15670964,117459195.14173763,18372491433.200645
Heisenberg,cnot_count,143.6196336447404,50707734.504123405,122947239.75308207,19673570803.234085
Heisenberg,cnot_count,146.77515132579862,53546659.33439731,128691306.31107713,21066589182.050415
Heisenberg,cnot_count,150.0,56544524.30015055,134703321.8457148,22558033602.957413
Heisenberg,t_count,3.0,172152.1706096679,1702146.7380728812,565471.1609251896
Heisenberg,t_count,3.065914059261501,182190.40731068977,1787650.0490443793,601669.3457981842
Heisenberg,t_count,3.1332763395924443,192813.97613798626,1877414.3748359429,640739.6245353321
Heisenberg,t_count,3.2021186603692957,204057.00795619594,1971650.6178850709,682903.8328762553
Heisenberg,t_count,3.2724735400832756,215955.6238093244,2070580.0579572557,728401.1934317257
Heisenberg,t_count,3.3443742117008566,228548.05096860818,2174434.8601275985,777489.6011254316
Heisenberg,t_count,3.417854638361751,241874.7457471593,2283458.6075157947,830447.0030402527
Heisenberg,t_count,3.492949529421809,255978.5234759613,2397906.8599759485,887572.8791942431
Heisenberg,t_count,3.5696943568483883,270904.69605879765,2518047.7400005274,949189.8312382111
Heisenberg,t_count,3.648125371975972,286701.21754804783,2644162.5471588923,1015645.2865639554
Heisenberg,t_count,3.7282796226299086,303418.8382090385,2776546.402454554,1087313.3258427926
Heisenberg,t_count,3.8101949706263993,321111.26756793004,2915508.924052196,1164596.6425794088
Heisenberg,t_count,3.89391010965698,339835.34696696745,3061374.935895689,1247928.6438700364
Heisenberg,t_count,3.9794645835659415,359651.2321814688,3214485.210811778,1337775.7021978914
Heisenberg,t_count,4.066898805029345,380622.5866852558,3375197.249771296,1434639.5687868944
Heisenberg,t_count,4.156254074644423,402816.7861854471,3543886.0990602444,1539059.9597686315
Heisenberg,t_count,4.247572600438411,426305.13508371747,3720945.207198115,1651617.3272019594
Heisenberg,t_count,4.340897517806019,451163.0955594786,3906787.323529182,1772935.8278217462
Heisenberg,t_count,4.436272909884942,477470.5300109468,4101845.4405056946,1903686.5032876662
Heisenberg,t_count,4.533743828379057,505311.95763302315,4306573.781779398,2044590.6866589668
Heisenberg,t_count,4.633356314839137,534776.8259562819,4521448.838319857,2196423.6508417195
Heisenberg,t_count,4.735157422411122,565959.7982194783,4746970.454885033,2360018.515844276
Heisenberg,t_count,4.839195238062237,598961.057498813,4983662.96928234,2536270.432841172
Heisenberg,t_count,4.945518905295439,633886.6285710491,5232076.406975144,2726141.0642892784
Heisenberg,t_count,5.054178647362944,670848.7185445552,5492787.733713961,2930663.380667532
Heisenberg,t_count,5.165225790989775,709966.0773526311,5766402.168999957,3150946.795831822
Heisenberg,t_count,5.278712790618552,751364.3792672845,6053554.563324346,3388182.6644909387
Heisenberg,t_count,5.3946932531869765,795176.6266591746,6354910.842269097,3643650.1669299733
Heisenberg,t_count,5.5132219634497055,841543.5773009032,6671169.520702925,3918722.607836125
Heisenberg,t_count,5.634354909856582,890614.1965864713,7003063.2904629,4214874.157930595
Heisenberg,t_count,5.758149310999454,942546.1361197603,7351360.685074895,4533687.069083016
Heisenberg,t_count,5.884663642640049,997506.2402096265,7716867.825237839,4876859.395693898
Heisenberg,t_count,6.0139576653317075,1055671.081898868,8100430.248976035,5246213.257382599
Heisenberg,t_count,6.146092452647985,1117227.530249162,8502934.830552,5643703.680423553
Heisenberg,t_count,6.281130420031485,1182373.3507045317,8925311.79242923,6071428.057943877
Heisenberg,t_count,6.419135354276543,1251317.8404621643,9368536.814781437,6531636.271640268
Heisenberg,t_count,6.560172443659668,1324282.5008918673,9833633.247260924,7026741.520704227
Heisenberg,t_count,6.704308308732018,1401501.7491644633,10321674.427966079,7559331.906777674
Heisenberg,t_count,6.851611033788396,1483223.6713754137,10833786.114785172,8132182.827105126
Heisenberg,t_count,7.002150199027691,1569710.8195832851,11371149.034544226,8748270.231621694
Heisenberg,t_count,7.155996913419903,1661241.0553237295,11935001.55564659,9410784.803532569
Heisenberg,t_count,7.313223848295327,1758108.4423089682,12526642.490166571,10123147.12701569
Heisenberg,t_count,7.473905271671715,1860624.191180805,13147434.031646172,10889023.910032297
Heisenberg,t_count,7.638117083335653,1969117.6593524578,13798804.835144402,11712345.334880099
Heisenberg,t_count,7.805936850694743,2083937.4091513725,14482253.246404737,12597323.614090415
Heisenberg,t_count,7.977443845417484,2205452.327662668,15199350.687334973,13548472.834572665
Heisenberg,t_count,8.152719080878196,2334052.8118708734,15951745.205342,14570630.178577395
Heisenberg,t_count,8.331845350424656,2470152.022907666,16741165.194424707,15668978.616095012
Heisenberg,t_count,8.514907266486507,2614187.213434986,17569423.29630892,16849071.16977229
Heisenberg,t_count,8.701991300542966,2766621.132428351,18438420.490308933,18116856.86032535
Heisenberg,t_count,8.893185823968649,2927943.511873308,19350150.381012697,19478708.447801225
Heisenberg,t_count,9.08858114977685,3098672.6401516018,20306703.69333154,20941452.091905646
Heisenberg,t_count,9.288269575279967,3279357.027171909,21310272.98490726,22512399.063023254
Heisenberg,t_count,9.492345425687235,3470577.166594673,22363157.586355798,24199379.644528475
Heisenberg,t_count,9.700905098660364,3672947.400812817,23467768.780325748,26010779.376574796
Heisenberg,t_count,9.914047109848129,3887117.8946798956,24626635.230880104,27955577.80177956
Heisenberg,t_count,10.131872139421406,4113776.7243268765,25842408.67526123,30043389.884159744
Heisenberg,t_count,10.354483079630663,4353652.087778312,27117869.89067971,32284510.28434106
Heisenberg,t_count,10.581985083408325,4607514.644470133,28455934.94937324,34689960.6865281
Heisenberg,t_count,10.814485614039024,4876179.991185314,29859661.775819633,37271540.386039294
Heisenberg,t_count,11.052094495921164,5160511.282361946,31332257.020653427,40041880.36041679
Heisenberg,t_count,11.294923966443777,5461422.003192172,32877083.266534865,43014501.06230311
Heisenberg,t_count,11.543088729003218,5779878.904421237,34497666.58195322,46203874.18848415
Heisenberg,t_count,11.796706007184646,6116905.10827537,36197704.43971002,49625488.69680192
Heisenberg,t_count,12.055895600134004,6473583.395497104,37981074.01763682,53295921.36112161
Heisenberg,t_count,12.320779939146572,6851059.684048517,39851840.89993977,57232912.174269244
Heisenberg,t_count,12.591484145498839,7250546.710658466,41814268.19845005,61455444.92992756
Heisenberg,t_count,12.86813608955106,7673327.927041923,43872826.11398012,65983833.33697053
Heisenberg,t_count,13.150866451148302,8120761.623308575,46032201.95895862,70839813.04374693
Heisenberg,t_count,13.439808781348662,8594285.291808682,48297310.66353128,76046639.97546607
Heisenberg,t_count,13.73509956550768,9095420.245435817,50673305.78837699,81629195.41522966
Heisenberg,t_count,14.036878287748836,9625776.505223963,53165591.06860857,87614098.28849486
Heisenberg,t_count,14.345287496850554,10187057.97294163,55779832.51429028,94029825.14197832
Heisenberg,t_count,14.660472873580781,10781067.905301288,58521971.09433448,100906838.34134531
Heisenberg,t_count,14.982583299511058,11409714.70737147,61398236.03181704,108277723.04762638
Heisenberg,t_count,15.311770927342508,12075018.063803835,64415158.74010061,116177333.57029946
Heisenberg,t_count,15.64819125277696,12779115.427573973,67579587.43056019,124642949.73556764
Heisenberg,t_count,15.992003187967242,13524268.88708236,70898702.42418359,133714443.95166971
Heisenberg,t_count,16.34336913658117,14312872.43367731,74380032.2008626,143434459.6993207
Heisenberg,t_count,16.702455070514905,15147459.65294947,78031470.22181797,153848602.224773
Heisenberg,t_count,17.06943060829173,16030711.864507418,81861292.5622892,165005642.26570246
Heisenberg,t_count,17.444469095183393,16965466.736385655,85878176.393412,176957733.6964223
Heisenberg,t_count,17.827747685091843,17954727.401761163,90091219.3540569,189760646.03903526
Heisenberg,t_count,18.21944742422992,19001672.107267458,94509959.8553665,203474012.85128412
Heisenberg,t_count,18.619753336640752,20109664.423904784,99144398.36277232,218161597.07039523
Heisenberg,t_count,19.02885451159604,21282264.053351134,104005019.7024117,233891574.4653077
Heisenberg,t_count,19.44694419291464,22523238.264391363,109102816.44112127,250736836.42780733
Heisenberg,t_count,19.8742198702436,23836573.996207975,114449313.39152822,268775313.41642785
Heisenberg,t_count,20.310883372344712,25226490.66741807,120056593.29623678,288090320.4559547
Heisenberg,t_count,20.757140962430768,26697453.732007124,125937323.74768211,308770926.1904548
Heisenberg,t_count,21.213203435596434,28254189.025714923,132104785.40293941,330912347.08910626
Heisenberg,t_count,21.679286218389816,29901697.948960554,138572901.55561003,354616368.51246125
Heisenberg,t_count,22.15560947057181,31645273.535089586,145356269.129882,379991794.46232784
Heisenberg,t_count,22.642398189111127,33490517.455563184,152470191.16496545,407154927.9619768
Heisenberg,t_count,23.13988231446432,35443358.016725294,159930710.86139047,436230084.1449929
Heisenberg,t_count,23.648296839190905,37510069.20596534,167754647.2640474,467350138.2718981
Heisenberg,t_count,24.167881918954894,39697290.84846745,175959632.6604474,500657111.0437669
Heisenberg,t_count,24.69888298596521,42012049.93930554,184564151.77643487,536302793.742387
Heisenberg,t_count,25.241550864908476,44461783.21941692,193587582.85551018,574449415.8975865
Heisenberg,t_count,25.796141891429063,47054361.06798777,203050240.7120347,615270358.3652235
Heisenberg,t_count,26.362918033212313,49798112.78800994,212973421.8529336,658950914.8941282
Heisenberg,t_count,26.942147013728064,52701853.3662433,223379451.76699388,705689105.4686974
Heisenberg,t_count,27.534102438693033,55774911.79356007,234291734.48563242,755696544.9359883
Heisenberg,t_count,28.13906392531178,59027161.0366545,245734804.52394873,809199370.6634388
Heisenberg,t_count,28.75731723435717,62469049.757411756,257734381.31608662,866439233.2267144
Heisenberg,t_count,29.389154405152908,66111635.88183915,270317426.26437443,927674354.3974323
Heisenberg,t_count,30.034873893521777,69966622.12641239,283512202.5274358,993180656.9892496
Heisenberg,t_count,30.694780712764878,74046393.5959707,297348337.6784161,1063252971.4288764
Heisenberg,t_count,31.3691865777382,78364057.5739564,311856889.3707754,1138206324.2475863
Heisenberg,t_count,32.05841005209491,82933485.63283056,327070414.155615,1218377314.039687
Heisenberg,t_count,32.76277669876267,87769358.19996057,343023039.6014408,1304125580.8094635
Heisenberg,t_count,33.48261923372717,92887211.72215411,359750539.87441385,1395835375.0280893
Heisenberg,t_count,34.218277683194565,98303488.58037099,377290414.94473547,1493917233.1490974
Heisenberg,t_count,34.97009954420676,104035589.91497119,395681973.5926869,1598809766.786945
Heisenberg,t_count,35.7384399487859,110101931.53121981,414966420.39616066,1710981573.2497423
Heisenberg,t_count,36.523661831685196,116522003.06465411,435186946.89018595,1830933275.637104
Heisenberg,t_count,37.32613610182542,123316430.59640053,456388827.0980219,1959199701.2679458
Heisenberg,t_count,38.14624181749827,130507042.91960205,478619517.6429882,2096352207.7959442
Heisenberg,t_count,38.984366365418985,138116941.6698642,501928762.6600985,2243001167.001008
Heisenberg,t_count,39.840905643713086,146170575.54501858,526368703.7370773,2399798616.9210997
Heisenberg,t_count,40.71626424892361,154693818.85266435,551993995.1252873,2567441093.707421
Heisenberg,t_count,41.61085566712708,163714054.63783425,578861924.4725477,2746672655.3550563
Heisenberg,t_count,42.52510246924868,173260262.6578589,607032539.3418723,2938288110.281834
Heisenberg,t_count,43.4594365106685,183363112.48706225,636568779.7927372,3143136464.6033053
Heisenberg,t_count,44.41429913521372,194055062.05042097,667536617.314683,3362124602.886606
Heisenberg,t_count,45.39014138363255,205370461.90274298,700005200.4169059,3596221218.164141
Heisenberg,t_count,46.38742420664875,217345665.58839566,734047007.1919168,3846461008.052419
Heisenberg,t_count,47.40661868269723,230019146.43613008,769738005.1865953,4113949154.958417
Heisenberg,t_count,48.44820624044346,243431621.16424885,807157818.9297765,4399866109.569935
Heisenberg,t_count,49.512678886192134,257626180.69321775,846389905.4822435,4705472698.120365
Heisenberg,t_count,50.60053943629218,272648428.58599925,887521738.3923277,5032115575.3020525
Heisenberg,t_count,51.712301754648045,288546627.5608677,930645000.4587525,5381233046.177907
Heisenberg,t_count,52.848490995449545,305371854.5474326,975855785.7213161,5754361282.015302
Heisenberg,t_count,54.009643851234536,323178164.7840176,1023254811.1201768,6153140956.649158
Heisenberg,t_count,55.19630880640215,342022765.4835905,1072947638.2854997,6579324331.77457
Heisenberg,t_count,56.40904639629592,361966199.6262076,1125044905.9411757,7034782821.485653
Heisenberg,t_count,57.64842947197929,383072540.4684359,1179662573.429423,7521515068.421566
Heisenberg,t_count,58.9150434708288,405409597.39467674,1236922175.8872452,8041655566.064276
Heisenberg,t_count,60.20948669307217,429049133.77171814,1296951091.6308525,8597483864.060215
Heisenberg,t_count,61.53237058440274,454067097.50645584,1359882822.3309808,9191434395.927399
Heisenberg,t_count,62.88432002480307,480543865.047486,1425857286.5894375,9826106971.160461
Heisenberg,t_count,64.26597362371439,508564499.61449236,1495021127.5565162,10504277976.58249
Heisenberg,t_count,65.67798402169159,538219024.4850634,1567528035.2592888,11228912334.812542
Heisenberg,t_count,67.12101819868548,569602712.2169135,1643539084.3427656,12003176270.949482
Heisenberg,t_count,68.59575778909897,602816390.734752,1723223087.9591947,12830450942.013544
Heisenberg,t_count,70.10289940376505,637966767.265128,1806756968.575972,13714346987.367775
Heisenberg,t_count,71.64315495899928,675166771.160015,1894326146.5091748,14658720062.262976
Heisenberg,t_count,73.21725201288207,714535916.7105302,1986124947.0282083,15667687420.842014
Heisenberg,t_count,74.8259341089292,756200687.1163899,2082357026.9172354,16745645619.408186
Heisenberg,t_count,76.46996112731358,800294940.844746,2183235821.421407,17897289415.535378
Heisenberg,t_count,78.15010964380372,846960341.6838975,2288985012.549807,19127631943.693317
Heisenberg,t_count,79.86717329658855,896346813.8735437,2399839019.7533903,20442026253.49585
Heisenberg,t_count,81.62196316116182,948613023.7737973,2516043514.044919,21846188302.48426
Heisenberg,t_count,83.41530813344343,1003926889.6204532,2637855956.678019,23346221501.553272
Heisenberg,t_count,85.24805532131816,1062466121.0041856,2765546163.55649,24948642917.734753
Heisenberg,t_count,87.12107044477719,1124418789.8069453,2899396896.599831,26660411246.114452
Heisenberg,t_count,89.03523824485134,1189983934.4297874,3039704483.3500733,28488956670.187534
Heisenberg,t_count,90.99146290152896,1259372199.2533753,3186779466.16541,30442212737.994755
Heisenberg,t_count,92.99066846085631,1332806511.3856113,3340947282.4108615,32528650389.965225
Heisenberg,t_count,95.03379927142147,1410522796.8705478,3502548977.1223354,34757314283.545746
Heisenberg,t_count,97.12182043042883,1492770738.6596613,3671941949.691873,37137861569.47684
Heisenberg,t_count,99.25571823957421,1579814578.780629,3849500736.1941013,39680603284.99863
Heisenberg,t_count,101.43650067093625,1671933967.2807183,4035617829.0521393,42396548540.41357
Heisenberg,t_count,103.665197843104,1769424860.6723313,4230704535.821238,45297451687.31634
Heisenberg,t_count,105.94286250776592,1872600472.767145,4435191878.953124,48395862669.48114
Heisenberg,t_count,108.27057054698918,1981792280.9535346,4649531538.492585,51705180770.93827
Heisenberg,t_count,110.64942148142616,2097351091.150454,4874196839.751023,55239711990.22721
Heisenberg,t_count,113.08053898968528,2219648164.8588767,5109683788.097832,59014730285.22533
Heisenberg,t_count,115.56507143911476,2349076411.931994,5356512153.113398,63046542949.42873
Heisenberg,t_count,118.10419242824729,2486051652.8961473,5615226604.453477,67352560398.11051
Heisenberg,t_count,120.69910134116297,2631013954.8779263,5886397901.886124,71951370661.55904
Heisenberg,t_count,123.35102391403348,2784429045.4296556,6170624142.08039,76862818902.59067
Heisenberg,t_count,126.06121281411222,2946789808.7952075,6468532064.8468485,82108092296.90736
Heisenberg,t_count,128.8309482314475,3118617869.423699,6780778421.6603,87709810637.66763
Heisenberg,t_count,131.66153848359525,3300465267.8180857,7108051409.427191,93692123049.97363
Heisenberg,t_count,134.5543206336179,3492916234.102898,7451072172.603307,100080811226.93425
Heisenberg,t_count,137.51066112166308,3696589065.0093875,7810596376.912988,106903399626.72894
Heisenberg,t_count,140.53195641041683,3912138110.3078656,8187415858.076291,114189273099.6227
Heisenberg,t_count,143.6196336447404,4140255875.069597,8582360349.112485,121969802445.51434
Heisenberg,t_count,146.77515132579862,4381675244.512113,8996299289.957167,130278478436.2781
Heisenberg,t_count,150.0,4637171838.575673,9430143723.308117,139151054873.1231
